Datefirstseen,SrcIPAddr,DstIPAddr,Datefirstseenunix,Duration,Proto,SrcPt,DstPt,Packets,Bytes
2016-09-12 10:35:58.249,192.168.56.12,8.8.4.4,1473669358,0,UDP,57259,53,1,77
2016-09-12 10:35:58.250,192.168.56.12,8.8.4.4,1473669358,0,UDP,57236,53,1,77
2016-09-12 10:35:58.586,192.168.56.12,8.8.8.8,1473669358,0,UDP,57236,53,1,77
2016-09-12 10:35:58.586,192.168.56.12,8.8.8.8,1473669358,0,UDP,57259,53,1,77
2016-09-12 10:35:58.758,8.8.4.4,192.168.56.12,1473669358,0,UDP,53,57259,1,93
2016-09-12 10:35:58.774,192.168.56.12,8.8.4.4,1473669358,0,UDP,65178,53,1,77
2016-09-12 10:35:58.924,192.168.56.12,8.8.4.4,1473669358,0,UDP,57236,53,1,77
2016-09-12 10:35:59.133,8.8.4.4,192.168.56.12,1473669359,0,UDP,53,57236,1,93
2016-09-12 10:35:59.134,8.8.8.8,192.168.56.12,1473669359,0,UDP,53,57259,1,93
2016-09-12 10:35:59.135,8.8.8.8,192.168.56.12,1473669359,0,UDP,53,57236,1,93
2016-09-12 10:35:59.136,8.8.4.4,192.168.56.12,1473669359,0,UDP,53,65178,1,93
2016-09-12 10:35:59.137,8.8.4.4,192.168.56.12,1473669359,0,UDP,53,57236,1,93
2016-09-12 10:35:59.141,192.168.56.12,8.8.8.8,1473669359,0,ICMP,0,3,1,121
2016-09-12 10:35:59.144,192.168.56.12,8.8.8.8,1473669359,0,UDP,65178,53,1,77
2016-09-12 10:35:59.144,192.168.56.12,8.8.4.4,1473669359,0,UDP,52164,53,1,77
2016-09-12 10:35:59.179,8.8.4.4,192.168.56.12,1473669359,0,UDP,53,52164,1,93
2016-09-12 10:35:59.203,8.8.8.8,192.168.56.12,1473669359,0,UDP,53,65178,1,93
2016-09-12 10:36:11.017,192.168.56.12,8.8.8.8,1473669371,0,UDP,58727,53,1,34
2016-09-12 10:36:11.026,8.8.8.8,192.168.56.12,1473669371,0,UDP,53,58727,1,89
2016-09-12 10:36:15.521,192.168.56.12,8.8.8.8,1473669375,0,UDP,57472,53,1,77
2016-09-12 10:36:15.557,8.8.8.8,192.168.56.12,1473669375,0,UDP,53,57472,1,93
2016-09-12 10:36:17.284,192.168.56.12,8.8.8.8,1473669377,0,UDP,50949,53,1,77
2016-09-12 10:36:17.319,8.8.8.8,192.168.56.12,1473669377,0,UDP,53,50949,1,93
2016-09-12 10:36:17.447,192.168.56.12,52.18.63.80,1473669377,0,ICMP,0,8,1,32
2016-09-12 10:36:19.303,192.168.56.12,52.18.63.80,1473669379,0,ICMP,0,8,1,32
2016-09-12 10:36:30.035,192.168.56.12,8.8.8.8,1473669390,0,UDP,62200,53,1,30
2016-09-12 10:36:30.049,8.8.8.8,192.168.56.12,1473669390,0,UDP,53,62200,1,62
2016-09-12 10:36:44.972,192.168.56.12,8.8.8.8,1473669404,0,UDP,54953,53,1,77
2016-09-12 10:36:45.007,8.8.8.8,192.168.56.12,1473669405,0,UDP,53,54953,1,93
2016-09-12 10:36:46.126,192.168.56.12,8.8.8.8,1473669406,0,UDP,62026,53,1,77
2016-09-12 10:36:46.162,8.8.8.8,192.168.56.12,1473669406,0,UDP,53,62026,1,93
2016-09-12 10:36:46.167,192.168.56.12,52.18.63.80,1473669406,0,ICMP,0,8,1,32
2016-09-12 10:36:48.239,192.168.56.12,52.18.63.80,1473669408,0,ICMP,0,8,1,32
2016-09-12 10:35:59.205,192.168.56.12,52.18.63.80,1473669359,0,TCP,49164,80,6,436
2016-09-12 10:35:57.367,192.168.56.12,224.0.0.252,1473669357,0,UDP,55841,5355,2,44
2016-09-12 10:35:57.365,192.168.56.12,224.0.0.252,1473669357,0,UDP,55635,5355,2,44
2016-09-12 10:35:59.226,52.18.63.80,192.168.56.12,1473669359,0,TCP,80,49164,4,798
2016-09-12 10:37:13.839,192.168.56.12,8.8.8.8,1473669433,0,UDP,60389,53,1,77
2016-09-12 10:37:14.318,8.8.8.8,192.168.56.12,1473669434,0,UDP,53,60389,1,93
2016-09-12 10:37:14.319,192.168.56.12,8.8.8.8,1473669434,0,UDP,52879,53,1,77
2016-09-12 10:37:14.331,8.8.8.8,192.168.56.12,1473669434,0,UDP,53,52879,1,93
2016-09-12 10:36:15.714,31.220.16.3,192.168.56.12,1473669375,35,TCP,21,49168,14,903
2016-09-12 10:36:51.137,31.220.16.3,192.168.56.12,1473669411,0,TCP,35680,49174,3,72
2016-09-12 10:36:15.697,192.168.56.12,31.220.16.3,1473669375,35,TCP,49168,21,13,415
2016-09-12 10:36:51.120,192.168.56.12,31.220.16.3,1473669411,0,TCP,49174,35680,5,1332
2016-09-12 10:36:11.097,192.168.56.12,13.80.12.54,1473669371,1,UDP,123,123,2,96
2016-09-12 10:35:59.206,192.168.56.12,52.18.63.80,1473669359,120,TCP,49163,80,11,840
2016-09-12 10:37:13.838,192.168.56.12,52.18.63.80,1473669433,0,TCP,49164,80,1,20
2016-09-12 10:36:15.713,192.168.56.12,52.18.63.80,1473669375,9,TCP,49169,445,3,92
2016-09-12 10:36:21.177,192.168.56.12,52.18.63.80,1473669381,9,TCP,49170,139,3,92
2016-09-12 10:36:45.032,192.168.56.12,52.18.63.80,1473669405,9,TCP,49172,445,3,92
2016-09-12 10:36:50.189,192.168.56.12,52.18.63.80,1473669410,9,TCP,49173,139,3,92
2016-09-12 10:37:14.332,192.168.56.12,52.18.63.80,1473669434,60,TCP,49176,80,7,464
2016-09-12 10:36:30.050,192.168.56.12,217.69.139.160,1473669390,9,TCP,49171,6,3,92
2016-09-12 10:36:42.309,192.168.56.12,224.0.0.252,1473669402,0,UDP,57112,5355,2,44
2016-09-12 10:37:11.237,192.168.56.12,224.0.0.252,1473669431,0,UDP,54358,5355,2,44
2016-09-12 10:35:57.473,192.168.56.12,192.168.56.255,1473669357,75,UDP,137,137,12,600
2016-09-12 10:37:09.296,192.168.56.12,192.168.56.255,1473669429,118,UDP,138,138,2,402
2016-09-12 10:36:11.105,13.80.12.54,192.168.56.12,1473669371,1,UDP,123,123,2,96
2016-09-12 10:35:59.225,52.18.63.80,192.168.56.12,1473669359,120,TCP,80,49163,8,1584
2016-09-12 10:37:14.352,52.18.63.80,192.168.56.12,1473669434,0,TCP,80,49176,5,1140
2016-09-12 10:42:07.496,192.168.56.12,8.8.8.8,1473669727,0,UDP,50019,53,1,29
2016-09-12 10:42:07.505,8.8.8.8,192.168.56.12,1473669727,0,UDP,53,50019,1,104
2016-09-12 10:43:06.374,192.168.56.12,192.168.56.255,1473669786,0,UDP,138,138,1,201
2016-09-12 10:50:32.014,192.168.56.12,8.8.8.8,1473670232,0,UDP,52717,53,1,43
2016-09-12 10:50:32.034,8.8.8.8,192.168.56.12,1473670232,0,UDP,53,52717,1,145
2016-09-12 10:51:05.817,192.168.56.12,192.168.56.255,1473670265,0,UDP,138,138,1,201
2016-09-12 10:55:20.224,192.168.56.12,239.255.255.250,1473670520,6,UDP,57479,1900,6,744
2016-09-12 11:03:03.450,192.168.56.12,192.168.56.255,1473670983,0,UDP,138,138,1,201
2016-09-12 11:06:03.259,192.168.56.12,8.8.8.8,1473671163,0,UDP,61697,53,1,43
2016-09-12 11:06:03.286,8.8.8.8,192.168.56.12,1473671163,0,UDP,53,61697,1,145
2016-09-12 11:15:22.056,192.168.56.12,239.255.255.250,1473671722,6,UDP,57479,1900,6,744
2016-09-12 11:15:02.779,192.168.56.12,192.168.56.255,1473671702,0,UDP,138,138,1,201
2016-09-12 11:21:28.961,192.168.56.12,8.8.8.8,1473672088,0,UDP,63229,53,1,43
2016-09-12 11:21:28.981,8.8.8.8,192.168.56.12,1473672088,0,UDP,53,63229,1,145
2016-09-12 11:27:00.916,192.168.56.12,192.168.56.255,1473672420,0,UDP,138,138,1,201
2016-09-12 18:28:32.691,192.168.56.12,8.8.4.4,1473697712,0,UDP,57259,53,1,77
2016-09-12 18:28:32.692,192.168.56.12,8.8.4.4,1473697712,0,UDP,57236,53,1,77
2016-09-12 18:28:32.751,8.8.4.4,192.168.56.12,1473697712,0,UDP,53,57236,1,93
2016-09-12 18:28:32.751,8.8.4.4,192.168.56.12,1473697712,0,UDP,53,57259,1,93
2016-09-12 18:28:32.755,192.168.56.12,8.8.4.4,1473697712,0,UDP,65178,53,1,77
2016-09-12 18:28:32.756,192.168.56.12,8.8.4.4,1473697712,0,UDP,52164,53,1,77
2016-09-12 18:28:32.763,8.8.4.4,192.168.56.12,1473697712,0,UDP,53,65178,1,93
2016-09-12 18:28:32.822,8.8.4.4,192.168.56.12,1473697712,0,UDP,53,52164,1,93
2016-09-12 18:28:46.561,192.168.56.12,8.8.4.4,1473697726,0,UDP,58727,53,1,34
2016-09-12 18:28:46.569,8.8.4.4,192.168.56.12,1473697726,0,UDP,53,58727,1,89
2016-09-12 18:28:49.124,192.168.56.12,8.8.4.4,1473697729,0,UDP,57472,53,1,77
2016-09-12 18:28:49.201,8.8.4.4,192.168.56.12,1473697729,0,UDP,53,57472,1,93
2016-09-12 18:28:51.017,192.168.56.12,8.8.4.4,1473697731,0,UDP,50949,53,1,77
2016-09-12 18:28:51.066,192.168.56.12,8.8.4.4,1473697731,0,UDP,62200,53,1,33
2016-09-12 18:28:51.075,8.8.4.4,192.168.56.12,1473697731,0,UDP,53,62200,1,49
2016-09-12 18:28:51.429,8.8.4.4,192.168.56.12,1473697731,0,UDP,53,50949,1,93
2016-09-12 18:28:51.496,192.168.56.12,52.18.63.80,1473697731,0,ICMP,0,8,1,32
2016-09-12 18:28:53.285,192.168.56.12,52.18.63.80,1473697733,0,ICMP,0,8,1,32
2016-09-12 18:29:19.939,192.168.56.12,8.8.4.4,1473697759,0,UDP,60389,53,1,77
2016-09-12 18:29:19.976,8.8.4.4,192.168.56.12,1473697759,0,UDP,53,60389,1,93
2016-09-12 18:29:20.099,192.168.56.12,8.8.4.4,1473697760,0,UDP,52879,53,1,77
2016-09-12 18:29:20.100,192.168.56.12,8.8.4.4,1473697760,0,UDP,50019,53,1,77
2016-09-12 18:29:20.100,192.168.56.12,8.8.4.4,1473697760,0,UDP,52717,53,1,77
2016-09-12 18:29:20.135,8.8.4.4,192.168.56.12,1473697760,0,UDP,53,52879,1,93
2016-09-12 18:29:20.135,8.8.4.4,192.168.56.12,1473697760,0,UDP,53,50019,1,93
2016-09-12 18:29:20.137,8.8.4.4,192.168.56.12,1473697760,0,UDP,53,52717,1,93
2016-09-12 18:29:20.137,192.168.56.12,8.8.4.4,1473697760,0,UDP,61697,53,1,77
2016-09-12 18:29:20.142,192.168.56.12,8.8.4.4,1473697760,0,UDP,63229,53,1,77
2016-09-12 18:29:20.146,8.8.4.4,192.168.56.12,1473697760,0,UDP,53,61697,1,93
2016-09-12 18:29:20.178,8.8.4.4,192.168.56.12,1473697760,0,UDP,53,63229,1,93
2016-09-12 18:29:20.914,192.168.56.12,8.8.4.4,1473697760,0,UDP,64076,53,1,77
2016-09-12 18:29:20.950,8.8.4.4,192.168.56.12,1473697760,0,UDP,53,64076,1,93
2016-09-12 18:29:23.723,192.168.56.12,8.8.4.4,1473697763,0,UDP,60121,53,1,77
2016-09-12 18:29:24.228,8.8.4.4,192.168.56.12,1473697764,0,UDP,53,60121,1,93
2016-09-12 18:29:24.610,192.168.56.12,52.18.63.80,1473697764,0,ICMP,0,8,1,32
2016-09-12 18:29:26.620,192.168.56.12,52.18.63.80,1473697766,0,ICMP,0,8,1,32
2016-09-12 18:28:46.607,192.168.56.12,13.80.12.54,1473697726,1,UDP,123,123,2,96
2016-09-12 18:28:31.821,192.168.56.12,224.0.0.252,1473697711,0,UDP,55841,5355,2,44
2016-09-12 18:28:31.819,192.168.56.12,224.0.0.252,1473697711,0,UDP,55635,5355,2,44
2016-09-12 18:28:46.614,13.80.12.54,192.168.56.12,1473697726,1,UDP,123,123,2,96
2016-09-12 18:28:32.862,52.18.63.80,192.168.56.12,1473697712,0,TCP,80,49164,4,798
2016-09-12 18:29:53.319,192.168.56.12,8.8.4.4,1473697793,0,UDP,59998,53,1,77
2016-09-12 18:29:53.354,8.8.4.4,192.168.56.12,1473697793,0,UDP,53,59998,1,93
2016-09-12 18:29:53.359,192.168.56.12,8.8.4.4,1473697793,0,UDP,57035,53,1,77
2016-09-12 18:29:53.408,8.8.4.4,192.168.56.12,1473697793,0,UDP,53,57035,1,93
2016-09-12 18:28:51.153,192.168.56.12,66.220.9.50,1473697731,2,TCP,49171,21,11,321
2016-09-12 18:28:51.778,192.168.56.12,66.220.9.50,1473697731,2,TCP,49172,21,11,319
2016-09-12 18:28:52.611,192.168.56.12,66.220.9.50,1473697732,0,TCP,49174,5387,5,360
2016-09-12 18:28:52.899,192.168.56.12,66.220.9.50,1473697732,0,TCP,49175,7205,5,360
2016-09-12 18:28:49.560,192.168.56.12,52.18.63.80,1473697729,9,TCP,49168,445,3,92
2016-09-12 18:28:52.750,66.220.9.50,192.168.56.12,1473697732,0,TCP,5387,49174,3,72
2016-09-12 18:28:51.429,66.220.9.50,192.168.56.12,1473697731,2,TCP,21,49171,11,701
2016-09-12 18:28:51.920,66.220.9.50,192.168.56.12,1473697731,1,TCP,21,49172,11,698
2016-09-12 18:28:53.038,66.220.9.50,192.168.56.12,1473697733,0,TCP,7205,49175,3,72
2016-09-12 18:28:32.770,192.168.56.12,52.18.63.80,1473697712,75,TCP,49163,80,7,456
2016-09-12 18:28:32.843,192.168.56.12,52.18.63.80,1473697712,47,TCP,49164,80,6,436
2016-09-12 18:28:55.255,192.168.56.12,52.18.63.80,1473697735,9,TCP,49170,139,3,92
2016-09-12 18:29:20.141,192.168.56.12,52.18.63.80,1473697760,75,TCP,49189,80,8,484
2016-09-12 18:29:20.148,192.168.56.12,52.18.63.80,1473697760,75,TCP,49190,80,7,464
2016-09-12 18:29:20.179,192.168.56.12,52.18.63.80,1473697760,75,TCP,49191,80,7,452
2016-09-12 18:29:21.359,192.168.56.12,52.18.63.80,1473697761,9,TCP,49192,445,3,92
2016-09-12 18:29:28.319,192.168.56.12,52.18.63.80,1473697768,9,TCP,49194,139,3,92
2016-09-12 18:29:53.412,192.168.56.12,52.18.63.80,1473697793,60,TCP,49203,80,6,444
2016-09-12 18:29:17.220,192.168.56.12,224.0.0.252,1473697757,0,UDP,57112,5355,2,44
2016-09-12 18:29:17.221,192.168.56.12,224.0.0.252,1473697757,0,UDP,62026,5355,2,44
2016-09-12 18:29:17.441,192.168.56.12,224.0.0.252,1473697757,0,UDP,54358,5355,2,44
2016-09-12 18:29:50.690,192.168.56.12,224.0.0.252,1473697790,0,UDP,52843,5355,2,44
2016-09-12 18:28:32.790,52.18.63.80,192.168.56.12,1473697712,75,TCP,80,49163,6,838
2016-09-12 18:29:20.161,52.18.63.80,192.168.56.12,1473697760,75,TCP,80,49189,7,1180
2016-09-12 18:29:20.168,52.18.63.80,192.168.56.12,1473697760,75,TCP,80,49190,7,1180
2016-09-12 18:29:20.199,52.18.63.80,192.168.56.12,1473697760,75,TCP,80,49191,6,834
2016-09-12 18:29:53.432,52.18.63.80,192.168.56.12,1473697793,0,TCP,80,49203,5,1140
2016-09-12 18:28:31.925,192.168.56.12,192.168.56.255,1473697711,385,UDP,137,137,267,13350
2016-09-12 18:32:01.039,192.168.56.12,192.168.56.255,1473697921,119,UDP,138,138,2,402
2016-09-12 18:35:01.612,192.168.56.12,192.168.56.255,1473698101,296,UDP,137,137,210,10500
2016-09-12 18:37:59.413,192.168.56.12,192.168.56.255,1473698279,0,UDP,138,138,1,201
2016-09-12 18:42:48.447,192.168.56.12,8.8.8.8,1473698568,0,UDP,58519,53,1,43
2016-09-12 18:42:48.475,8.8.8.8,192.168.56.12,1473698568,0,UDP,53,58519,1,145
2016-09-12 18:40:04.147,192.168.56.12,192.168.56.255,1473698404,355,UDP,137,137,219,10950
2016-09-12 18:46:02.165,192.168.56.12,192.168.56.255,1473698762,0,UDP,138,138,1,201
2016-09-12 18:47:56.827,192.168.56.12,239.255.255.250,1473698876,6,UDP,57479,1900,6,744
2016-09-12 18:46:02.715,192.168.56.12,192.168.56.255,1473698762,309,UDP,137,137,144,7200
2016-09-12 18:58:10.210,192.168.56.12,8.8.8.8,1473699490,0,UDP,55422,53,1,43
2016-09-12 18:58:10.231,8.8.8.8,192.168.56.12,1473699490,0,UDP,53,55422,1,145
2016-09-12 18:59:46.826,192.168.56.12,8.8.8.8,1473699586,0,UDP,59347,53,1,77
2016-09-12 18:59:47.340,8.8.8.8,192.168.56.12,1473699587,0,UDP,53,59347,1,93
2016-09-12 18:58:09.943,192.168.56.12,192.168.56.255,1473699489,0,UDP,138,138,1,201
2016-09-12 18:59:49.757,192.168.56.12,8.8.8.8,1473699589,0,UDP,57437,53,1,77
2016-09-12 18:59:49.820,8.8.8.8,192.168.56.12,1473699589,0,UDP,53,57437,1,93
2016-09-12 18:59:50.084,192.168.56.12,52.18.63.80,1473699590,0,ICMP,0,8,1,32
2016-09-12 18:59:51.711,192.168.56.12,52.18.63.80,1473699591,0,ICMP,0,8,1,32
2016-09-12 19:00:19.429,192.168.56.12,8.8.8.8,1473699619,0,UDP,55229,53,1,77
2016-09-12 19:00:19.482,8.8.8.8,192.168.56.12,1473699619,0,UDP,53,55229,1,93
2016-09-12 19:00:19.508,192.168.56.12,8.8.8.8,1473699619,0,UDP,49996,53,1,77
2016-09-12 19:00:19.516,8.8.8.8,192.168.56.12,1473699619,0,UDP,53,49996,1,93
2016-09-12 19:00:19.715,192.168.56.12,8.8.8.8,1473699619,0,UDP,57326,53,1,77
2016-09-12 19:00:20.163,8.8.8.8,192.168.56.12,1473699620,0,UDP,53,57326,1,93
2016-09-12 19:00:21.526,192.168.56.12,8.8.8.8,1473699621,0,UDP,57019,53,1,77
2016-09-12 19:00:21.578,8.8.8.8,192.168.56.12,1473699621,0,UDP,53,57019,1,93
2016-09-12 19:00:21.582,192.168.56.12,52.18.63.80,1473699621,0,ICMP,0,8,1,32
2016-09-12 19:00:23.146,192.168.56.12,52.18.63.80,1473699623,0,ICMP,0,8,1,32
2016-09-12 19:00:48.920,192.168.56.12,8.8.8.8,1473699648,0,UDP,56778,53,1,77
2016-09-12 19:00:48.967,8.8.8.8,192.168.56.12,1473699648,0,UDP,53,56778,1,93
2016-09-12 19:00:48.969,192.168.56.12,8.8.8.8,1473699648,0,UDP,58976,53,1,77
2016-09-12 19:00:49.029,8.8.8.8,192.168.56.12,1473699649,0,UDP,53,58976,1,93
2016-09-12 18:59:47.985,192.168.56.12,52.18.63.80,1473699587,9,TCP,49536,445,3,92
2016-09-12 18:59:53.681,192.168.56.12,52.18.63.80,1473699593,9,TCP,49537,139,3,92
2016-09-12 19:00:19.555,192.168.56.12,52.18.63.80,1473699619,75,TCP,49538,80,7,468
2016-09-12 19:00:20.194,192.168.56.12,52.18.63.80,1473699620,9,TCP,49539,445,3,92
2016-09-12 19:00:25.169,192.168.56.12,52.18.63.80,1473699625,9,TCP,49540,139,3,92
2016-09-12 19:00:49.032,192.168.56.12,52.18.63.80,1473699649,60,TCP,49541,80,6,448
2016-09-12 19:00:46.236,192.168.56.12,224.0.0.252,1473699646,0,UDP,64277,5355,2,44
2016-09-12 19:00:16.641,192.168.56.12,224.0.0.252,1473699616,0,UDP,62279,5355,2,44
2016-09-12 18:58:30.298,192.168.56.12,192.168.56.255,1473699510,137,UDP,137,137,12,600
2016-09-12 19:00:19.574,52.18.63.80,192.168.56.12,1473699619,75,TCP,80,49538,7,1184
2016-09-12 19:00:49.052,52.18.63.80,192.168.56.12,1473699649,0,TCP,80,49541,5,1144
2016-09-12 19:08:00.619,192.168.56.12,239.255.255.250,1473700080,6,UDP,57479,1900,6,744
2016-09-12 19:13:36.880,192.168.56.12,8.8.8.8,1473700416,0,UDP,54224,53,1,43
2016-09-12 19:13:36.907,8.8.8.8,192.168.56.12,1473700416,0,UDP,53,54224,1,145
2016-09-12 19:10:09.334,192.168.56.12,192.168.56.255,1473700209,0,UDP,138,138,1,201
2016-09-12 19:22:07.481,192.168.56.12,192.168.56.255,1473700927,0,UDP,138,138,1,201
2016-09-12 19:29:12.557,192.168.56.12,8.8.8.8,1473701352,0,UDP,59333,53,1,43
2016-09-12 19:29:12.584,8.8.8.8,192.168.56.12,1473701352,0,UDP,53,59333,1,145
2016-09-12 19:28:03.267,192.168.56.12,239.255.255.250,1473701283,6,UDP,57479,1900,6,744
2016-09-12 19:31:33.378,192.168.56.12,8.8.8.8,1473701493,0,UDP,63955,53,1,34
2016-09-12 19:31:33.387,8.8.8.8,192.168.56.12,1473701493,0,UDP,53,63955,1,89
2016-09-12 19:31:33.417,192.168.56.12,13.80.12.54,1473701493,0,ICMP,0,8,1,32
2016-09-12 19:31:38.158,192.168.56.12,13.80.12.54,1473701498,0,ICMP,0,8,1,32
2016-09-12 19:37:03.164,192.168.56.12,8.8.4.4,1473701823,0,UDP,57259,53,1,77
2016-09-12 19:37:03.165,192.168.56.12,8.8.4.4,1473701823,0,UDP,57236,53,1,77
2016-09-12 19:37:03.502,192.168.56.12,8.8.8.8,1473701823,0,UDP,57236,53,1,77
2016-09-12 19:37:03.502,192.168.56.12,8.8.8.8,1473701823,0,UDP,57259,53,1,77
2016-09-12 19:37:03.729,8.8.4.4,192.168.56.12,1473701823,0,UDP,53,57259,1,93
2016-09-12 19:37:03.735,192.168.56.12,8.8.4.4,1473701823,0,UDP,65178,53,1,77
2016-09-12 19:37:03.839,192.168.56.12,8.8.4.4,1473701823,0,UDP,57236,53,1,77
2016-09-12 19:37:04.073,192.168.56.12,8.8.8.8,1473701824,0,UDP,65178,53,1,77
2016-09-12 19:37:04.180,8.8.8.8,192.168.56.12,1473701824,0,UDP,53,57259,1,93
2016-09-12 19:37:04.180,8.8.4.4,192.168.56.12,1473701824,0,UDP,53,57236,1,93
2016-09-12 19:37:04.181,8.8.8.8,192.168.56.12,1473701824,0,UDP,53,57236,1,93
2016-09-12 19:37:04.182,8.8.4.4,192.168.56.12,1473701824,0,UDP,53,65178,1,93
2016-09-12 19:37:04.182,192.168.56.12,8.8.8.8,1473701824,0,ICMP,0,3,1,121
2016-09-12 19:37:04.184,8.8.4.4,192.168.56.12,1473701824,0,UDP,53,57236,1,93
2016-09-12 19:37:04.184,192.168.56.12,8.8.4.4,1473701824,0,ICMP,0,3,1,121
2016-09-12 19:37:04.184,8.8.8.8,192.168.56.12,1473701824,0,UDP,53,65178,1,93
2016-09-12 19:37:04.186,192.168.56.12,8.8.4.4,1473701824,0,UDP,52164,53,1,77
2016-09-12 19:37:04.195,8.8.4.4,192.168.56.12,1473701824,0,UDP,53,52164,1,93
2016-09-12 19:37:17.103,192.168.56.12,8.8.4.4,1473701837,0,UDP,58727,53,1,34
2016-09-12 19:37:17.111,8.8.4.4,192.168.56.12,1473701837,0,UDP,53,58727,1,89
2016-09-12 19:37:21.609,192.168.56.12,8.8.4.4,1473701841,0,UDP,57472,53,1,77
2016-09-12 19:37:21.673,8.8.4.4,192.168.56.12,1473701841,0,UDP,53,57472,1,93
2016-09-12 19:37:22.199,192.168.56.12,8.8.4.4,1473701842,0,UDP,50949,53,1,39
2016-09-12 19:37:22.233,8.8.4.4,192.168.56.12,1473701842,0,UDP,53,50949,1,55
2016-09-12 19:37:23.389,192.168.56.12,8.8.4.4,1473701843,0,UDP,62200,53,1,77
2016-09-12 19:37:23.424,8.8.4.4,192.168.56.12,1473701843,0,UDP,53,62200,1,93
2016-09-12 19:37:23.428,192.168.56.12,52.18.63.80,1473701843,0,ICMP,0,8,1,32
2016-09-12 19:37:25.485,192.168.56.12,52.18.63.80,1473701845,0,ICMP,0,8,1,32
2016-09-12 19:37:35.162,192.168.56.12,8.8.4.4,1473701855,0,UDP,54170,53,1,39
2016-09-12 19:37:35.176,8.8.4.4,192.168.56.12,1473701855,0,UDP,53,54170,1,149
2016-09-12 19:37:35.527,192.168.56.12,8.8.4.4,1473701855,0,UDP,57112,53,1,33
2016-09-12 19:37:35.535,8.8.4.4,192.168.56.12,1473701855,0,UDP,53,57112,1,97
2016-09-12 19:37:51.198,192.168.56.12,8.8.4.4,1473701871,0,UDP,63957,53,1,77
2016-09-12 19:37:51.232,8.8.4.4,192.168.56.12,1473701871,0,UDP,53,63957,1,93
2016-09-12 19:37:52.350,192.168.56.12,8.8.4.4,1473701872,0,UDP,54358,53,1,77
2016-09-12 19:37:52.387,8.8.4.4,192.168.56.12,1473701872,0,UDP,53,54358,1,93
2016-09-12 19:37:52.392,192.168.56.12,52.18.63.80,1473701872,0,ICMP,0,8,1,32
2016-09-12 19:37:53.917,192.168.56.12,52.18.63.80,1473701873,0,ICMP,0,8,1,32
2016-09-12 19:37:04.193,192.168.56.12,52.18.63.80,1473701824,0,TCP,49163,80,6,436
2016-09-12 19:37:02.292,192.168.56.12,224.0.0.252,1473701822,0,UDP,55841,5355,2,44
2016-09-12 19:37:02.291,192.168.56.12,224.0.0.252,1473701822,0,UDP,55635,5355,2,44
2016-09-12 19:37:04.213,52.18.63.80,192.168.56.12,1473701824,0,TCP,80,49163,4,798
2016-09-12 19:38:19.657,192.168.56.12,8.8.4.4,1473701899,0,UDP,50019,53,1,77
2016-09-12 19:38:20.100,8.8.4.4,192.168.56.12,1473701900,0,UDP,53,50019,1,93
2016-09-12 19:38:20.101,192.168.56.12,8.8.4.4,1473701900,0,UDP,52717,53,1,77
2016-09-12 19:38:20.137,8.8.4.4,192.168.56.12,1473701900,0,UDP,53,52717,1,93
2016-09-12 19:37:17.155,192.168.56.12,13.80.12.54,1473701837,1,UDP,123,123,2,96
2016-09-12 19:38:19.437,192.168.56.12,52.18.63.80,1473701899,0,TCP,49163,80,2,40
2016-09-12 19:37:04.196,192.168.56.12,52.18.63.80,1473701824,122,TCP,49164,80,11,840
2016-09-12 19:37:21.967,192.168.56.12,52.18.63.80,1473701841,9,TCP,49169,445,3,92
2016-09-12 19:37:27.416,192.168.56.12,52.18.63.80,1473701847,9,TCP,49171,139,3,92
2016-09-12 19:37:51.258,192.168.56.12,52.18.63.80,1473701871,9,TCP,49176,445,3,92
2016-09-12 19:37:55.915,192.168.56.12,52.18.63.80,1473701875,9,TCP,49177,139,3,92
2016-09-12 19:37:35.537,192.168.56.12,81.19.78.85,1473701855,0,TCP,49173,25,10,261
2016-09-12 19:37:22.236,192.168.56.12,31.170.165.177,1473701842,14,TCP,49170,21,14,457
2016-09-12 19:37:36.090,192.168.56.12,31.170.165.177,1473701856,0,TCP,49174,35812,5,1332
2016-09-12 19:37:35.178,192.168.56.12,2.16.4.203,1473701855,1,TCP,49172,80,5,192
2016-09-12 19:37:48.548,192.168.56.12,224.0.0.252,1473701868,0,UDP,62026,5355,2,44
2016-09-12 19:38:17.058,192.168.56.12,224.0.0.252,1473701897,0,UDP,52879,5355,2,44
2016-09-12 19:37:02.398,192.168.56.12,192.168.56.255,1473701822,76,UDP,137,137,12,600
2016-09-12 19:38:14.569,192.168.56.12,192.168.56.255,1473701894,0,UDP,138,138,1,201
2016-09-12 19:37:17.163,13.80.12.54,192.168.56.12,1473701837,1,UDP,123,123,2,96
2016-09-12 19:38:19.436,52.18.63.80,192.168.56.12,1473701899,0,TCP,80,49163,2,40
2016-09-12 19:37:04.215,52.18.63.80,192.168.56.12,1473701824,122,TCP,80,49164,8,1584
2016-09-12 19:38:20.160,52.18.63.80,192.168.56.12,1473701900,0,TCP,80,49178,5,1144
2016-09-12 19:37:35.588,81.19.78.85,192.168.56.12,1473701855,0,TCP,25,49173,13,561
2016-09-12 19:37:22.253,31.170.165.177,192.168.56.12,1473701842,14,TCP,21,49170,15,980
2016-09-12 19:37:36.108,31.170.165.177,192.168.56.12,1473701856,0,TCP,35812,49174,3,72
2016-09-12 19:37:35.182,2.16.4.203,192.168.56.12,1473701855,0,TCP,80,49172,4,576
2016-09-12 19:37:03.164,192.168.56.12,8.8.4.4,1473701823,0,UDP,57259,53,1,77
2016-09-12 19:37:03.165,192.168.56.12,8.8.4.4,1473701823,0,UDP,57236,53,1,77
2016-09-12 19:37:03.502,192.168.56.12,8.8.8.8,1473701823,0,UDP,57236,53,1,77
2016-09-12 19:37:03.502,192.168.56.12,8.8.8.8,1473701823,0,UDP,57259,53,1,77
2016-09-12 19:37:03.729,8.8.4.4,192.168.56.12,1473701823,0,UDP,53,57259,1,93
2016-09-12 19:37:03.735,192.168.56.12,8.8.4.4,1473701823,0,UDP,65178,53,1,77
2016-09-12 19:37:03.839,192.168.56.12,8.8.4.4,1473701823,0,UDP,57236,53,1,77
2016-09-12 19:37:04.073,192.168.56.12,8.8.8.8,1473701824,0,UDP,65178,53,1,77
2016-09-12 19:37:04.180,8.8.8.8,192.168.56.12,1473701824,0,UDP,53,57259,1,93
2016-09-12 19:37:04.180,8.8.4.4,192.168.56.12,1473701824,0,UDP,53,57236,1,93
2016-09-12 19:37:04.181,8.8.8.8,192.168.56.12,1473701824,0,UDP,53,57236,1,93
2016-09-12 19:37:04.182,8.8.4.4,192.168.56.12,1473701824,0,UDP,53,65178,1,93
2016-09-12 19:37:04.182,192.168.56.12,8.8.8.8,1473701824,0,ICMP,0,3,1,121
2016-09-12 19:37:04.184,8.8.4.4,192.168.56.12,1473701824,0,UDP,53,57236,1,93
2016-09-12 19:37:04.184,192.168.56.12,8.8.4.4,1473701824,0,ICMP,0,3,1,121
2016-09-12 19:37:04.184,8.8.8.8,192.168.56.12,1473701824,0,UDP,53,65178,1,93
2016-09-12 19:37:04.186,192.168.56.12,8.8.4.4,1473701824,0,UDP,52164,53,1,77
2016-09-12 19:37:04.195,8.8.4.4,192.168.56.12,1473701824,0,UDP,53,52164,1,93
2016-09-12 19:37:17.103,192.168.56.12,8.8.4.4,1473701837,0,UDP,58727,53,1,34
2016-09-12 19:37:17.111,8.8.4.4,192.168.56.12,1473701837,0,UDP,53,58727,1,89
2016-09-12 19:37:21.609,192.168.56.12,8.8.4.4,1473701841,0,UDP,57472,53,1,77
2016-09-12 19:37:21.673,8.8.4.4,192.168.56.12,1473701841,0,UDP,53,57472,1,93
2016-09-12 19:37:22.199,192.168.56.12,8.8.4.4,1473701842,0,UDP,50949,53,1,39
2016-09-12 19:37:22.233,8.8.4.4,192.168.56.12,1473701842,0,UDP,53,50949,1,55
2016-09-12 19:37:23.389,192.168.56.12,8.8.4.4,1473701843,0,UDP,62200,53,1,77
2016-09-12 19:37:23.424,8.8.4.4,192.168.56.12,1473701843,0,UDP,53,62200,1,93
2016-09-12 19:37:23.428,192.168.56.12,52.18.63.80,1473701843,0,ICMP,0,8,1,32
2016-09-12 19:37:25.485,192.168.56.12,52.18.63.80,1473701845,0,ICMP,0,8,1,32
2016-09-12 19:37:35.162,192.168.56.12,8.8.4.4,1473701855,0,UDP,54170,53,1,39
2016-09-12 19:37:35.176,8.8.4.4,192.168.56.12,1473701855,0,UDP,53,54170,1,149
2016-09-12 19:37:35.527,192.168.56.12,8.8.4.4,1473701855,0,UDP,57112,53,1,33
2016-09-12 19:37:35.535,8.8.4.4,192.168.56.12,1473701855,0,UDP,53,57112,1,97
2016-09-12 19:37:51.198,192.168.56.12,8.8.4.4,1473701871,0,UDP,63957,53,1,77
2016-09-12 19:37:51.232,8.8.4.4,192.168.56.12,1473701871,0,UDP,53,63957,1,93
2016-09-12 19:37:52.350,192.168.56.12,8.8.4.4,1473701872,0,UDP,54358,53,1,77
2016-09-12 19:37:52.387,8.8.4.4,192.168.56.12,1473701872,0,UDP,53,54358,1,93
2016-09-12 19:37:52.392,192.168.56.12,52.18.63.80,1473701872,0,ICMP,0,8,1,32
2016-09-12 19:37:53.917,192.168.56.12,52.18.63.80,1473701873,0,ICMP,0,8,1,32
2016-09-12 19:37:04.193,192.168.56.12,52.18.63.80,1473701824,0,TCP,49163,80,6,436
2016-09-12 19:37:02.292,192.168.56.12,224.0.0.252,1473701822,0,UDP,55841,5355,2,44
2016-09-12 19:37:02.291,192.168.56.12,224.0.0.252,1473701822,0,UDP,55635,5355,2,44
2016-09-12 19:37:04.213,52.18.63.80,192.168.56.12,1473701824,0,TCP,80,49163,4,798
2016-09-12 19:38:19.657,192.168.56.12,8.8.4.4,1473701899,0,UDP,50019,53,1,77
2016-09-12 19:38:20.100,8.8.4.4,192.168.56.12,1473701900,0,UDP,53,50019,1,93
2016-09-12 19:38:20.101,192.168.56.12,8.8.4.4,1473701900,0,UDP,52717,53,1,77
2016-09-12 19:38:20.137,8.8.4.4,192.168.56.12,1473701900,0,UDP,53,52717,1,93
2016-09-12 19:37:17.155,192.168.56.12,13.80.12.54,1473701837,1,UDP,123,123,2,96
2016-09-12 19:38:19.437,192.168.56.12,52.18.63.80,1473701899,0,TCP,49163,80,2,40
2016-09-12 19:37:04.196,192.168.56.12,52.18.63.80,1473701824,122,TCP,49164,80,11,840
2016-09-12 19:37:21.967,192.168.56.12,52.18.63.80,1473701841,9,TCP,49169,445,3,92
2016-09-12 19:37:27.416,192.168.56.12,52.18.63.80,1473701847,9,TCP,49171,139,3,92
2016-09-12 19:37:51.258,192.168.56.12,52.18.63.80,1473701871,9,TCP,49176,445,3,92
2016-09-12 19:37:55.915,192.168.56.12,52.18.63.80,1473701875,9,TCP,49177,139,3,92
2016-09-12 19:37:35.537,192.168.56.12,81.19.78.85,1473701855,0,TCP,49173,25,10,261
2016-09-12 19:37:22.236,192.168.56.12,31.170.165.177,1473701842,14,TCP,49170,21,14,457
2016-09-12 19:37:36.090,192.168.56.12,31.170.165.177,1473701856,0,TCP,49174,35812,5,1332
2016-09-12 19:37:35.178,192.168.56.12,2.16.4.203,1473701855,1,TCP,49172,80,5,192
2016-09-12 19:37:48.548,192.168.56.12,224.0.0.252,1473701868,0,UDP,62026,5355,2,44
2016-09-12 19:38:17.058,192.168.56.12,224.0.0.252,1473701897,0,UDP,52879,5355,2,44
2016-09-12 19:37:02.398,192.168.56.12,192.168.56.255,1473701822,76,UDP,137,137,12,600
2016-09-12 19:38:14.569,192.168.56.12,192.168.56.255,1473701894,0,UDP,138,138,1,201
2016-09-12 19:37:17.163,13.80.12.54,192.168.56.12,1473701837,1,UDP,123,123,2,96
2016-09-12 19:38:19.436,52.18.63.80,192.168.56.12,1473701899,0,TCP,80,49163,2,40
2016-09-12 19:37:04.215,52.18.63.80,192.168.56.12,1473701824,122,TCP,80,49164,8,1584
2016-09-12 19:38:20.160,52.18.63.80,192.168.56.12,1473701900,0,TCP,80,49178,5,1144
2016-09-12 19:37:35.588,81.19.78.85,192.168.56.12,1473701855,0,TCP,25,49173,13,561
2016-09-12 19:37:22.253,31.170.165.177,192.168.56.12,1473701842,14,TCP,21,49170,15,980
2016-09-12 19:37:36.108,31.170.165.177,192.168.56.12,1473701856,0,TCP,35812,49174,3,72
2016-09-12 19:37:35.182,2.16.4.203,192.168.56.12,1473701855,0,TCP,80,49172,4,576
2016-09-12 19:43:12.987,192.168.56.12,8.8.4.4,1473702192,0,UDP,61697,53,1,29
2016-09-12 19:43:12.996,8.8.4.4,192.168.56.12,1473702192,0,UDP,53,61697,1,104
2016-09-12 19:38:20.140,192.168.56.12,52.18.63.80,1473701900,60,TCP,49178,80,7,468
2016-09-12 19:40:12.725,192.168.56.12,192.168.56.255,1473702012,238,UDP,138,138,2,402
2016-09-12 19:43:12.987,192.168.56.12,8.8.4.4,1473702192,0,UDP,61697,53,1,29
2016-09-12 19:43:12.996,8.8.4.4,192.168.56.12,1473702192,0,UDP,53,61697,1,104
2016-09-12 19:38:20.140,192.168.56.12,52.18.63.80,1473701900,60,TCP,49178,80,7,468
2016-09-12 19:40:12.725,192.168.56.12,192.168.56.255,1473702012,238,UDP,138,138,2,402
2016-09-12 19:51:37.318,192.168.56.12,8.8.8.8,1473702697,0,UDP,63229,53,1,43
2016-09-12 19:51:37.338,8.8.8.8,192.168.56.12,1473702697,0,UDP,53,63229,1,145
2016-09-12 19:52:11.057,192.168.56.12,192.168.56.255,1473702731,0,UDP,138,138,1,201
2016-09-12 19:51:37.318,192.168.56.12,8.8.8.8,1473702697,0,UDP,63229,53,1,43
2016-09-12 19:51:37.338,8.8.8.8,192.168.56.12,1473702697,0,UDP,53,63229,1,145
2016-09-12 19:52:11.057,192.168.56.12,192.168.56.255,1473702731,0,UDP,138,138,1,201
2016-09-12 19:56:24.168,192.168.56.12,239.255.255.250,1473702984,6,UDP,57479,1900,6,744
2016-09-12 19:56:24.168,192.168.56.12,239.255.255.250,1473702984,6,UDP,57479,1900,6,744
2016-09-12 20:04:08.674,192.168.56.12,192.168.56.255,1473703448,0,UDP,138,138,1,201
2016-09-12 20:04:08.674,192.168.56.12,192.168.56.255,1473703448,0,UDP,138,138,1,201
2016-09-12 20:07:08.563,192.168.56.12,8.8.8.8,1473703628,0,UDP,64076,53,1,43
2016-09-12 20:07:08.673,8.8.8.8,192.168.56.12,1473703628,0,UDP,53,64076,1,145
2016-09-12 20:07:08.563,192.168.56.12,8.8.8.8,1473703628,0,UDP,64076,53,1,43
2016-09-12 20:07:08.673,8.8.8.8,192.168.56.12,1473703628,0,UDP,53,64076,1,145
2016-09-12 20:16:26.004,192.168.56.12,239.255.255.250,1473704186,6,UDP,57479,1900,6,744
2016-09-12 20:16:07.991,192.168.56.12,192.168.56.255,1473704167,0,UDP,138,138,1,201
2016-09-12 20:16:26.004,192.168.56.12,239.255.255.250,1473704186,6,UDP,57479,1900,6,744
2016-09-12 20:16:07.991,192.168.56.12,192.168.56.255,1473704167,0,UDP,138,138,1,201
2016-09-12 20:22:34.381,192.168.56.12,8.8.8.8,1473704554,0,UDP,60121,53,1,43
2016-09-12 20:22:34.408,8.8.8.8,192.168.56.12,1473704554,0,UDP,53,60121,1,145
2016-09-12 20:22:34.381,192.168.56.12,8.8.8.8,1473704554,0,UDP,60121,53,1,43
2016-09-12 20:22:34.408,8.8.8.8,192.168.56.12,1473704554,0,UDP,53,60121,1,145
2016-09-12 20:28:06.125,192.168.56.12,192.168.56.255,1473704886,0,UDP,138,138,1,201
2016-09-12 20:28:06.125,192.168.56.12,192.168.56.255,1473704886,0,UDP,138,138,1,201
2016-09-12 20:32:28.932,192.168.56.12,8.8.8.8,1473705148,0,UDP,59811,53,1,34
2016-09-12 20:32:28.945,8.8.8.8,192.168.56.12,1473705148,0,UDP,53,59811,1,89
2016-09-12 20:32:28.964,192.168.56.12,13.80.12.54,1473705148,0,ICMP,0,8,1,32
2016-09-12 20:32:33.929,192.168.56.12,13.80.12.54,1473705153,0,ICMP,0,8,1,32
2016-09-12 20:32:28.932,192.168.56.12,8.8.8.8,1473705148,0,UDP,59811,53,1,34
2016-09-12 20:32:28.945,8.8.8.8,192.168.56.12,1473705148,0,UDP,53,59811,1,89
2016-09-12 20:32:28.964,192.168.56.12,13.80.12.54,1473705148,0,ICMP,0,8,1,32
2016-09-12 20:32:33.929,192.168.56.12,13.80.12.54,1473705153,0,ICMP,0,8,1,32
2016-09-12 20:38:15.407,192.168.56.12,8.8.8.8,1473705495,0,UDP,52843,53,1,43
2016-09-12 20:38:15.534,8.8.8.8,192.168.56.12,1473705495,0,UDP,53,52843,1,145
2016-09-12 20:36:29.044,192.168.56.12,239.255.255.250,1473705389,6,UDP,57479,1900,6,744
2016-09-12 20:38:15.407,192.168.56.12,8.8.8.8,1473705495,0,UDP,52843,53,1,43
2016-09-12 20:38:15.534,8.8.8.8,192.168.56.12,1473705495,0,UDP,53,52843,1,145
2016-09-12 20:36:29.044,192.168.56.12,239.255.255.250,1473705389,6,UDP,57479,1900,6,744
2016-09-12 22:42:52.479,192.168.56.12,8.8.4.4,1473712972,0,UDP,57259,53,1,77
2016-09-12 22:42:52.480,192.168.56.12,8.8.4.4,1473712972,0,UDP,57236,53,1,77
2016-09-12 22:42:52.537,8.8.4.4,192.168.56.12,1473712972,0,UDP,53,57259,1,93
2016-09-12 22:42:52.538,8.8.4.4,192.168.56.12,1473712972,0,UDP,53,57236,1,93
2016-09-12 22:42:52.542,192.168.56.12,8.8.4.4,1473712972,0,UDP,65178,53,1,77
2016-09-12 22:42:52.543,192.168.56.12,8.8.4.4,1473712972,0,UDP,52164,53,1,77
2016-09-12 22:42:52.552,8.8.4.4,192.168.56.12,1473712972,0,UDP,53,52164,1,93
2016-09-12 22:42:52.606,8.8.4.4,192.168.56.12,1473712972,0,UDP,53,65178,1,93
2016-09-12 22:43:05.722,192.168.56.12,8.8.4.4,1473712985,0,UDP,58727,53,1,34
2016-09-12 22:43:05.731,8.8.4.4,192.168.56.12,1473712985,0,UDP,53,58727,1,89
2016-09-12 22:43:09.990,192.168.56.12,8.8.4.4,1473712989,0,UDP,57472,53,1,77
2016-09-12 22:43:10.017,192.168.56.12,8.8.4.4,1473712990,0,UDP,50949,53,1,77
2016-09-12 22:43:10.050,8.8.4.4,192.168.56.12,1473712990,0,UDP,53,57472,1,93
2016-09-12 22:43:10.102,8.8.4.4,192.168.56.12,1473712990,0,UDP,53,50949,1,93
2016-09-12 22:43:11.837,192.168.56.12,8.8.4.4,1473712991,0,UDP,62200,53,1,77
2016-09-12 22:43:11.873,8.8.4.4,192.168.56.12,1473712991,0,UDP,53,62200,1,93
2016-09-12 22:43:11.907,192.168.56.12,52.18.63.80,1473712991,0,ICMP,0,8,1,32
2016-09-12 22:43:13.950,192.168.56.12,52.18.63.80,1473712993,0,ICMP,0,8,1,32
2016-09-12 22:43:15.791,192.168.56.12,8.8.4.4,1473712995,0,UDP,54170,53,1,77
2016-09-12 22:43:15.924,8.8.4.4,192.168.56.12,1473712995,0,UDP,53,54170,1,93
2016-09-12 22:43:15.925,192.168.56.12,52.18.63.80,1473712995,0,ICMP,0,8,1,32
2016-09-12 22:43:17.752,192.168.56.12,52.18.63.80,1473712997,0,ICMP,0,8,1,32
2016-09-12 22:43:39.653,192.168.56.12,8.8.4.4,1473713019,0,UDP,54358,53,1,77
2016-09-12 22:43:40.033,8.8.4.4,192.168.56.12,1473713020,0,UDP,53,54358,1,93
2016-09-12 22:43:40.083,192.168.56.12,8.8.4.4,1473713020,0,UDP,60389,53,1,77
2016-09-12 22:43:40.091,8.8.4.4,192.168.56.12,1473713020,0,UDP,53,60389,1,93
2016-09-12 22:43:43.485,192.168.56.12,8.8.4.4,1473713023,0,UDP,52717,53,1,77
2016-09-12 22:43:43.520,8.8.4.4,192.168.56.12,1473713023,0,UDP,53,52717,1,93
2016-09-12 22:43:43.522,192.168.56.12,8.8.4.4,1473713023,0,UDP,61697,53,1,77
2016-09-12 22:43:43.531,8.8.4.4,192.168.56.12,1473713023,0,UDP,53,61697,1,93
2016-09-12 22:42:51.598,192.168.56.12,224.0.0.252,1473712971,0,UDP,55841,5355,2,44
2016-09-12 22:42:51.597,192.168.56.12,224.0.0.252,1473712971,0,UDP,55635,5355,2,44
2016-09-12 22:42:52.622,52.18.63.80,192.168.56.12,1473712972,0,TCP,80,49163,4,798
2016-09-12 22:42:52.626,52.18.63.80,192.168.56.12,1473712972,0,TCP,80,49164,4,798
2016-09-12 22:43:05.797,192.168.56.12,13.80.12.54,1473712985,1,UDP,123,123,2,96
2016-09-12 22:42:52.602,192.168.56.12,52.18.63.80,1473712972,50,TCP,49163,80,6,436
2016-09-12 22:42:52.607,192.168.56.12,52.18.63.80,1473712972,47,TCP,49164,80,6,436
2016-09-12 22:43:10.290,192.168.56.12,52.18.63.80,1473712990,9,TCP,49168,445,3,92
2016-09-12 22:43:10.344,192.168.56.12,52.18.63.80,1473712990,9,TCP,49169,445,3,92
2016-09-12 22:43:15.790,192.168.56.12,52.18.63.80,1473712995,9,TCP,49170,139,3,92
2016-09-12 22:43:19.726,192.168.56.12,52.18.63.80,1473712999,9,TCP,49171,139,3,92
2016-09-12 22:43:40.093,192.168.56.12,52.18.63.80,1473713020,63,TCP,49173,80,7,464
2016-09-12 22:43:43.531,192.168.56.12,52.18.63.80,1473713023,60,TCP,49175,80,6,444
2016-09-12 22:43:39.869,192.168.56.12,31.170.164.212,1473713019,0,TCP,49172,21,12,360
2016-09-12 22:43:40.137,192.168.56.12,31.170.164.212,1473713020,0,TCP,49174,35509,5,245
2016-09-12 22:43:40.860,192.168.56.12,224.0.0.252,1473713020,0,UDP,50019,5355,2,44
2016-09-12 22:43:37.016,192.168.56.12,224.0.0.252,1473713017,0,UDP,54953,5355,2,44
2016-09-12 22:43:37.034,192.168.56.12,224.0.0.252,1473713017,0,UDP,63957,5355,2,44
2016-09-12 22:42:51.702,192.168.56.12,192.168.56.255,1473712971,51,UDP,137,137,15,750
2016-09-12 22:44:03.907,192.168.56.12,192.168.56.255,1473713043,0,UDP,138,138,1,201
2016-09-12 22:43:05.804,13.80.12.54,192.168.56.12,1473712985,1,UDP,123,123,2,96
2016-09-12 22:43:40.113,52.18.63.80,192.168.56.12,1473713020,0,TCP,80,49173,5,1140
2016-09-12 22:43:43.552,52.18.63.80,192.168.56.12,1473713023,0,TCP,80,49175,5,1140
2016-09-12 22:43:39.886,31.170.164.212,192.168.56.12,1473713019,0,TCP,21,49172,15,981
2016-09-12 22:43:40.154,31.170.164.212,192.168.56.12,1473713020,0,TCP,35509,49174,3,72
2016-09-12 22:49:02.796,192.168.56.12,8.8.4.4,1473713342,0,UDP,63229,53,1,29
2016-09-12 22:49:02.804,8.8.4.4,192.168.56.12,1473713342,0,UDP,53,63229,1,104
2016-09-12 22:46:02.026,192.168.56.12,192.168.56.255,1473713162,0,UDP,138,138,1,201
2016-09-12 22:50:00.946,192.168.56.12,192.168.56.255,1473713400,0,UDP,138,138,1,201
2016-09-12 22:57:26.574,192.168.56.12,8.8.8.8,1473713846,0,UDP,64076,53,1,43
2016-09-12 22:57:26.595,8.8.8.8,192.168.56.12,1473713846,0,UDP,53,64076,1,145
2016-09-12 22:58:00.375,192.168.56.12,192.168.56.255,1473713880,0,UDP,138,138,1,201
2016-09-12 23:02:14.858,192.168.56.12,239.255.255.250,1473714134,6,UDP,57479,1900,6,744
2016-09-12 23:09:57.994,192.168.56.12,192.168.56.255,1473714597,0,UDP,138,138,1,201
2016-09-12 23:12:57.819,192.168.56.12,8.8.8.8,1473714777,0,UDP,60121,53,1,43
2016-09-12 23:12:57.845,8.8.8.8,192.168.56.12,1473714777,0,UDP,53,60121,1,145
2016-09-12 23:22:16.701,192.168.56.12,239.255.255.250,1473715336,6,UDP,57479,1900,6,744
2016-09-12 23:21:57.338,192.168.56.12,192.168.56.255,1473715317,0,UDP,138,138,1,201
2016-09-12 23:28:23.478,192.168.56.12,8.8.8.8,1473715703,0,UDP,59811,53,1,43
2016-09-12 23:28:23.498,8.8.8.8,192.168.56.12,1473715703,0,UDP,53,59811,1,145
2016-09-12 23:33:55.471,192.168.56.12,192.168.56.255,1473716035,0,UDP,138,138,1,201
2016-09-12 23:38:20.597,192.168.56.12,8.8.8.8,1473716300,0,UDP,52843,53,1,34
2016-09-12 23:38:20.605,8.8.8.8,192.168.56.12,1473716300,0,UDP,53,52843,1,89
2016-09-12 23:38:20.633,192.168.56.12,13.80.12.54,1473716300,0,ICMP,0,8,1,32
2016-09-12 23:38:25.245,192.168.56.12,13.80.12.54,1473716305,0,ICMP,0,8,1,32
2016-09-13 02:38:53.189,192.168.56.12,8.8.4.4,1473727133,0,UDP,57259,53,1,77
2016-09-13 02:38:53.191,192.168.56.12,8.8.4.4,1473727133,0,UDP,57236,53,1,77
2016-09-13 02:38:53.265,8.8.4.4,192.168.56.12,1473727133,0,UDP,53,57259,1,93
2016-09-13 02:38:53.269,192.168.56.12,8.8.4.4,1473727133,0,UDP,65178,53,1,77
2016-09-13 02:38:53.276,8.8.4.4,192.168.56.12,1473727133,0,UDP,53,57236,1,93
2016-09-13 02:38:53.277,192.168.56.12,8.8.4.4,1473727133,0,UDP,52164,53,1,77
2016-09-13 02:38:53.367,8.8.4.4,192.168.56.12,1473727133,0,UDP,53,65178,1,93
2016-09-13 02:38:53.387,8.8.4.4,192.168.56.12,1473727133,0,UDP,53,52164,1,93
2016-09-13 02:39:07.720,192.168.56.12,8.8.4.4,1473727147,0,UDP,58727,53,1,34
2016-09-13 02:39:07.728,8.8.4.4,192.168.56.12,1473727147,0,UDP,53,58727,1,89
2016-09-13 02:39:10.311,192.168.56.12,8.8.4.4,1473727150,0,UDP,57472,53,1,77
2016-09-13 02:39:10.342,192.168.56.12,8.8.4.4,1473727150,0,UDP,50949,53,1,34
2016-09-13 02:39:10.346,8.8.4.4,192.168.56.12,1473727150,0,UDP,53,57472,1,93
2016-09-13 02:39:10.406,8.8.4.4,192.168.56.12,1473727150,0,UDP,53,50949,1,50
2016-09-13 02:39:11.771,192.168.56.12,8.8.4.4,1473727151,0,UDP,62200,53,1,77
2016-09-13 02:39:11.854,8.8.4.4,192.168.56.12,1473727151,0,UDP,53,62200,1,93
2016-09-13 02:39:11.969,192.168.56.12,52.18.63.80,1473727151,0,ICMP,0,8,1,32
2016-09-13 02:39:13.659,192.168.56.12,52.18.63.80,1473727153,0,ICMP,0,8,1,32
2016-09-13 02:39:18.063,192.168.56.12,8.8.4.4,1473727158,0,UDP,54170,53,1,39
2016-09-13 02:39:18.078,8.8.4.4,192.168.56.12,1473727158,0,UDP,53,54170,1,149
2016-09-13 02:39:39.557,192.168.56.12,8.8.4.4,1473727179,0,UDP,62026,53,1,77
2016-09-13 02:39:39.636,8.8.4.4,192.168.56.12,1473727179,0,UDP,53,62026,1,93
2016-09-13 02:39:39.639,192.168.56.12,8.8.4.4,1473727179,0,UDP,63957,53,1,77
2016-09-13 02:39:39.684,8.8.4.4,192.168.56.12,1473727179,0,UDP,53,63957,1,93
2016-09-13 02:39:39.825,192.168.56.12,8.8.4.4,1473727179,0,UDP,54358,53,1,77
2016-09-13 02:39:39.888,8.8.4.4,192.168.56.12,1473727179,0,UDP,53,54358,1,93
2016-09-13 02:39:40.998,192.168.56.12,8.8.4.4,1473727180,0,UDP,60389,53,1,77
2016-09-13 02:39:41.033,8.8.4.4,192.168.56.12,1473727181,0,UDP,53,60389,1,93
2016-09-13 02:39:41.037,192.168.56.12,52.18.63.80,1473727181,0,ICMP,0,8,1,32
2016-09-13 02:39:42.659,192.168.56.12,52.18.63.80,1473727182,0,ICMP,0,8,1,32
2016-09-13 02:38:53.374,192.168.56.12,52.18.63.80,1473727133,0,TCP,49163,80,5,416
2016-09-13 02:38:52.318,192.168.56.12,224.0.0.252,1473727132,0,UDP,55841,5355,2,44
2016-09-13 02:38:52.317,192.168.56.12,224.0.0.252,1473727132,0,UDP,55635,5355,2,44
2016-09-13 02:38:53.394,52.18.63.80,192.168.56.12,1473727133,0,TCP,80,49163,4,798
2016-09-13 02:38:53.410,52.18.63.80,192.168.56.12,1473727133,0,TCP,80,49164,4,798
2016-09-13 02:40:08.449,192.168.56.12,8.8.4.4,1473727208,0,UDP,52717,53,1,77
2016-09-13 02:40:08.895,8.8.4.4,192.168.56.12,1473727208,0,UDP,53,52717,1,93
2016-09-13 02:40:08.899,192.168.56.12,8.8.4.4,1473727208,0,UDP,61697,53,1,77
2016-09-13 02:40:08.908,8.8.4.4,192.168.56.12,1473727208,0,UDP,53,61697,1,93
2016-09-13 02:39:10.455,192.168.56.12,93.189.45.35,1473727150,10,TCP,49168,21,15,470
2016-09-13 02:39:18.459,192.168.56.12,93.189.45.35,1473727158,0,TCP,49172,50658,5,1316
2016-09-13 02:39:07.735,192.168.56.12,13.80.12.54,1473727147,0,UDP,123,123,1,48
2016-09-13 02:40:08.447,192.168.56.12,52.18.63.80,1473727208,0,TCP,49163,80,1,20
2016-09-13 02:38:53.390,192.168.56.12,52.18.63.80,1473727133,46,TCP,49164,80,6,436
2016-09-13 02:39:10.574,192.168.56.12,52.18.63.80,1473727150,9,TCP,49169,445,3,92
2016-09-13 02:39:15.737,192.168.56.12,52.18.63.80,1473727155,9,TCP,49170,139,3,92
2016-09-13 02:39:39.751,192.168.56.12,52.18.63.80,1473727179,75,TCP,49176,80,8,484
2016-09-13 02:39:39.905,192.168.56.12,52.18.63.80,1473727179,9,TCP,49177,445,3,92
2016-09-13 02:39:44.673,192.168.56.12,52.18.63.80,1473727184,9,TCP,49178,139,3,92
2016-09-13 02:40:08.914,192.168.56.12,52.18.63.80,1473727208,60,TCP,49179,80,7,464
2016-09-13 02:39:18.079,192.168.56.12,2.16.153.96,1473727158,3,TCP,49171,80,5,192
2016-09-13 02:40:05.839,192.168.56.12,224.0.0.252,1473727205,0,UDP,50019,5355,2,44
2016-09-13 02:39:36.883,192.168.56.12,224.0.0.252,1473727176,0,UDP,54953,5355,2,44
2016-09-13 02:38:52.425,192.168.56.12,192.168.56.255,1473727132,75,UDP,137,137,12,600
2016-09-13 02:40:04.847,192.168.56.12,192.168.56.255,1473727204,118,UDP,138,138,2,402
2016-09-13 02:39:10.506,93.189.45.35,192.168.56.12,1473727150,10,TCP,21,49168,18,1443
2016-09-13 02:39:18.506,93.189.45.35,192.168.56.12,1473727158,0,TCP,50658,49172,3,72
2016-09-13 02:39:07.741,13.80.12.54,192.168.56.12,1473727147,0,UDP,123,123,1,48
2016-09-13 02:39:39.771,52.18.63.80,192.168.56.12,1473727179,75,TCP,80,49176,7,1180
2016-09-13 02:40:08.933,52.18.63.80,192.168.56.12,1473727208,0,TCP,80,49179,5,1140
2016-09-13 02:39:18.083,2.16.153.96,192.168.56.12,1473727158,0,TCP,80,49171,4,576
2016-09-13 02:45:04.528,192.168.56.12,8.8.4.4,1473727504,0,UDP,63229,53,1,29
2016-09-13 02:45:04.537,8.8.4.4,192.168.56.12,1473727504,0,UDP,53,63229,1,104
2016-09-13 02:46:01.882,192.168.56.12,192.168.56.255,1473727561,0,UDP,138,138,1,201
2016-09-13 02:53:27.572,192.168.56.12,8.8.8.8,1473728007,0,UDP,64076,53,1,43
2016-09-13 02:53:27.592,8.8.8.8,192.168.56.12,1473728007,0,UDP,53,64076,1,145
2016-09-13 02:54:01.351,192.168.56.12,192.168.56.255,1473728041,0,UDP,138,138,1,201
2016-09-13 02:58:15.363,192.168.56.12,239.255.255.250,1473728295,6,UDP,57479,1900,6,744
2016-09-13 03:04:14.630,192.168.56.12,8.8.8.8,1473728654,0,UDP,60121,53,1,34
2016-09-13 03:04:14.639,8.8.8.8,192.168.56.12,1473728654,0,UDP,53,60121,1,89
2016-09-13 03:04:14.654,192.168.56.12,13.80.12.54,1473728654,0,ICMP,0,8,1,32
2016-09-13 03:04:19.184,192.168.56.12,13.80.12.54,1473728659,0,ICMP,0,8,1,32
2016-09-13 03:08:29.258,192.168.56.12,8.8.8.8,1473728909,0,UDP,59811,53,1,43
2016-09-13 03:08:29.278,8.8.8.8,192.168.56.12,1473728909,0,UDP,53,59811,1,145
2016-09-13 03:05:59.033,192.168.56.12,192.168.56.255,1473728759,0,UDP,138,138,1,201
2016-09-13 03:18:17.244,192.168.56.12,239.255.255.250,1473729497,6,UDP,57479,1900,6,744
2016-09-13 03:17:58.369,192.168.56.12,192.168.56.255,1473729478,0,UDP,138,138,1,201
2016-09-13 03:24:03.554,192.168.56.12,8.8.8.8,1473729843,0,UDP,52843,53,1,43
2016-09-13 03:24:03.580,8.8.8.8,192.168.56.12,1473729843,0,UDP,53,52843,1,145
2016-09-13 03:29:56.501,192.168.56.12,192.168.56.255,1473730196,0,UDP,138,138,1,201
2016-09-13 03:37:42.585,192.168.56.12,8.8.4.4,1473730662,0,UDP,57259,53,1,77
2016-09-13 03:37:42.587,192.168.56.12,8.8.4.4,1473730662,0,UDP,57236,53,1,77
2016-09-13 03:37:42.681,8.8.4.4,192.168.56.12,1473730662,0,UDP,53,57236,1,93
2016-09-13 03:37:42.686,192.168.56.12,8.8.4.4,1473730662,0,UDP,65178,53,1,77
2016-09-13 03:37:42.697,8.8.4.4,192.168.56.12,1473730662,0,UDP,53,57259,1,93
2016-09-13 03:37:42.712,192.168.56.12,8.8.4.4,1473730662,0,UDP,52164,53,1,77
2016-09-13 03:37:42.754,8.8.4.4,192.168.56.12,1473730662,0,UDP,53,65178,1,93
2016-09-13 03:37:42.777,8.8.4.4,192.168.56.12,1473730662,0,UDP,53,52164,1,93
2016-09-13 03:37:56.687,192.168.56.12,8.8.4.4,1473730676,0,UDP,58727,53,1,34
2016-09-13 03:37:56.696,8.8.4.4,192.168.56.12,1473730676,0,UDP,53,58727,1,89
2016-09-13 03:38:00.745,192.168.56.12,8.8.4.4,1473730680,0,UDP,57472,53,1,40
2016-09-13 03:38:00.796,8.8.4.4,192.168.56.12,1473730680,0,UDP,53,57472,1,56
2016-09-13 03:38:01.741,192.168.56.12,8.8.4.4,1473730681,0,UDP,50949,53,1,77
2016-09-13 03:38:01.807,8.8.4.4,192.168.56.12,1473730681,0,UDP,53,50949,1,93
2016-09-13 03:38:03.231,192.168.56.12,8.8.4.4,1473730683,0,UDP,62200,53,1,77
2016-09-13 03:38:03.267,8.8.4.4,192.168.56.12,1473730683,0,UDP,53,62200,1,93
2016-09-13 03:38:03.276,192.168.56.12,52.18.63.80,1473730683,0,ICMP,0,8,1,32
2016-09-13 03:38:05.003,192.168.56.12,52.18.63.80,1473730685,0,ICMP,0,8,1,32
2016-09-13 03:38:30.748,192.168.56.12,8.8.4.4,1473730710,0,UDP,54953,53,1,77
2016-09-13 03:38:31.274,8.8.4.4,192.168.56.12,1473730711,0,UDP,53,54953,1,93
2016-09-13 03:38:31.278,192.168.56.12,8.8.4.4,1473730711,0,UDP,62026,53,1,77
2016-09-13 03:38:31.340,8.8.4.4,192.168.56.12,1473730711,0,UDP,53,62026,1,93
2016-09-13 03:38:31.423,192.168.56.12,8.8.4.4,1473730711,0,UDP,63957,53,1,77
2016-09-13 03:38:31.907,8.8.4.4,192.168.56.12,1473730711,0,UDP,53,63957,1,93
2016-09-13 03:38:33.049,192.168.56.12,8.8.4.4,1473730713,0,UDP,54358,53,1,77
2016-09-13 03:38:33.107,8.8.4.4,192.168.56.12,1473730713,0,UDP,53,54358,1,93
2016-09-13 03:38:33.111,192.168.56.12,52.18.63.80,1473730713,0,ICMP,0,8,1,32
2016-09-13 03:38:34.909,192.168.56.12,52.18.63.80,1473730714,0,ICMP,0,8,1,32
2016-09-13 03:37:42.779,192.168.56.12,52.18.63.80,1473730662,0,TCP,49164,80,5,416
2016-09-13 03:37:41.712,192.168.56.12,224.0.0.252,1473730661,0,UDP,55841,5355,2,44
2016-09-13 03:37:41.711,192.168.56.12,224.0.0.252,1473730661,0,UDP,55635,5355,2,44
2016-09-13 03:37:42.794,52.18.63.80,192.168.56.12,1473730662,0,TCP,80,49163,4,798
2016-09-13 03:37:42.798,52.18.63.80,192.168.56.12,1473730662,0,TCP,80,49164,4,798
2016-09-13 03:39:00.586,192.168.56.12,8.8.4.4,1473730740,0,UDP,50019,53,1,77
2016-09-13 03:39:00.642,8.8.4.4,192.168.56.12,1473730740,0,UDP,53,50019,1,93
2016-09-13 03:39:00.644,192.168.56.12,8.8.4.4,1473730740,0,UDP,52717,53,1,77
2016-09-13 03:39:00.653,8.8.4.4,192.168.56.12,1473730740,0,UDP,53,52717,1,93
2016-09-13 03:37:56.720,192.168.56.12,13.80.12.54,1473730676,0,UDP,123,123,1,48
2016-09-13 03:38:01.217,192.168.56.12,31.170.161.56,1473730681,14,TCP,49168,21,14,443
2016-09-13 03:38:14.947,192.168.56.12,31.170.161.56,1473730694,0,TCP,49171,50228,5,1332
2016-09-13 03:37:42.775,192.168.56.12,52.18.63.80,1473730662,47,TCP,49163,80,6,436
2016-09-13 03:38:57.870,192.168.56.12,52.18.63.80,1473730737,0,TCP,49164,80,2,40
2016-09-13 03:38:01.896,192.168.56.12,52.18.63.80,1473730681,9,TCP,49169,445,3,92
2016-09-13 03:38:06.923,192.168.56.12,52.18.63.80,1473730686,9,TCP,49170,139,3,92
2016-09-13 03:38:31.930,192.168.56.12,52.18.63.80,1473730711,9,TCP,49174,445,3,92
2016-09-13 03:38:36.907,192.168.56.12,52.18.63.80,1473730716,9,TCP,49175,139,3,92
2016-09-13 03:38:28.125,192.168.56.12,224.0.0.252,1473730708,0,UDP,57112,5355,2,44
2016-09-13 03:38:57.987,192.168.56.12,224.0.0.252,1473730737,0,UDP,52879,5355,2,44
2016-09-13 03:37:41.816,192.168.56.12,192.168.56.255,1473730661,78,UDP,137,137,12,600
2016-09-13 03:38:54.063,192.168.56.12,192.168.56.255,1473730734,0,UDP,138,138,1,201
2016-09-13 03:37:56.727,13.80.12.54,192.168.56.12,1473730676,0,UDP,123,123,1,48
2016-09-13 03:38:01.336,31.170.161.56,192.168.56.12,1473730681,14,TCP,21,49168,15,1252
2016-09-13 03:38:15.069,31.170.161.56,192.168.56.12,1473730695,0,TCP,50228,49171,3,72
2016-09-13 03:38:57.870,52.18.63.80,192.168.56.12,1473730737,0,TCP,80,49164,2,40
2016-09-13 03:38:31.347,192.168.56.12,52.18.63.80,1473730711,75,TCP,49173,80,8,484
2016-09-13 03:38:31.367,52.18.63.80,192.168.56.12,1473730711,75,TCP,80,49173,7,1180
2016-09-13 03:39:00.673,52.18.63.80,192.168.56.12,1473730740,0,TCP,80,49176,5,1140
2016-09-13 03:43:52.467,192.168.56.12,8.8.4.4,1473731032,0,UDP,61697,53,1,29
2016-09-13 03:43:52.475,8.8.4.4,192.168.56.12,1473731032,0,UDP,53,61697,1,104
2016-09-13 03:39:00.654,192.168.56.12,52.18.63.80,1473730740,60,TCP,49176,80,7,464
2016-09-13 03:40:52.201,192.168.56.12,192.168.56.255,1473730852,238,UDP,138,138,2,402
2016-09-13 03:52:16.765,192.168.56.12,8.8.8.8,1473731536,0,UDP,63229,53,1,43
2016-09-13 03:52:16.787,8.8.8.8,192.168.56.12,1473731536,0,UDP,53,63229,1,145
2016-09-13 03:52:50.581,192.168.56.12,192.168.56.255,1473731570,0,UDP,138,138,1,201
2016-09-13 03:57:05.454,192.168.56.12,239.255.255.250,1473731825,6,UDP,57479,1900,6,744
2016-09-13 04:04:48.200,192.168.56.12,192.168.56.255,1473732288,0,UDP,138,138,1,201
2016-09-13 04:07:48.011,192.168.56.12,8.8.8.8,1473732468,0,UDP,64076,53,1,43
2016-09-13 04:07:48.031,8.8.8.8,192.168.56.12,1473732468,0,UDP,53,64076,1,145
2016-09-13 04:17:07.291,192.168.56.12,239.255.255.250,1473733027,6,UDP,57479,1900,6,744
2016-09-13 04:16:47.530,192.168.56.12,192.168.56.255,1473733007,0,UDP,138,138,1,201
2016-09-13 04:23:13.688,192.168.56.12,8.8.8.8,1473733393,0,UDP,60121,53,1,43
2016-09-13 04:23:13.709,8.8.8.8,192.168.56.12,1473733393,0,UDP,53,60121,1,145
2016-09-13 04:28:45.666,192.168.56.12,192.168.56.255,1473733725,0,UDP,138,138,1,201
2016-09-13 04:33:06.295,192.168.56.12,8.8.8.8,1473733986,0,UDP,59811,53,1,34
2016-09-13 04:33:06.304,8.8.8.8,192.168.56.12,1473733986,0,UDP,53,59811,1,89
2016-09-13 04:33:06.513,192.168.56.12,40.118.103.7,1473733986,0,ICMP,0,8,1,32
2016-09-13 04:33:11.410,192.168.56.12,40.118.103.7,1473733991,0,ICMP,0,8,1,32
2016-09-13 04:36:24.426,192.168.56.12,8.8.4.4,1473734184,0,UDP,57259,53,1,77
2016-09-13 04:36:24.427,192.168.56.12,8.8.4.4,1473734184,0,UDP,57236,53,1,77
2016-09-13 04:36:24.540,8.8.4.4,192.168.56.12,1473734184,0,UDP,53,57236,1,93
2016-09-13 04:36:24.544,192.168.56.12,8.8.4.4,1473734184,0,UDP,65178,53,1,77
2016-09-13 04:36:24.553,8.8.4.4,192.168.56.12,1473734184,0,UDP,53,65178,1,93
2016-09-13 04:36:24.585,8.8.4.4,192.168.56.12,1473734184,0,UDP,53,57259,1,93
2016-09-13 04:36:24.603,192.168.56.12,8.8.4.4,1473734184,0,UDP,52164,53,1,77
2016-09-13 04:36:24.736,8.8.4.4,192.168.56.12,1473734184,0,UDP,53,52164,1,93
2016-09-13 04:36:41.378,192.168.56.12,8.8.4.4,1473734201,0,UDP,58727,53,1,34
2016-09-13 04:36:41.386,8.8.4.4,192.168.56.12,1473734201,0,UDP,53,58727,1,89
2016-09-13 04:36:44.789,192.168.56.12,8.8.4.4,1473734204,0,UDP,57472,53,1,77
2016-09-13 04:36:44.850,8.8.4.4,192.168.56.12,1473734204,0,UDP,53,57472,1,93
2016-09-13 04:36:46.635,192.168.56.12,8.8.4.4,1473734206,0,UDP,50949,53,1,32
2016-09-13 04:36:46.752,8.8.4.4,192.168.56.12,1473734206,0,UDP,53,50949,1,48
2016-09-13 04:36:46.775,192.168.56.12,8.8.4.4,1473734206,0,UDP,62200,53,1,77
2016-09-13 04:36:46.820,8.8.4.4,192.168.56.12,1473734206,0,UDP,53,62200,1,93
2016-09-13 04:36:46.885,192.168.56.12,52.18.63.80,1473734206,0,ICMP,0,8,1,32
2016-09-13 04:36:48.908,192.168.56.12,52.18.63.80,1473734208,0,ICMP,0,8,1,32
2016-09-13 04:37:14.728,192.168.56.12,8.8.4.4,1473734234,0,UDP,63957,53,1,77
2016-09-13 04:37:14.728,192.168.56.12,8.8.4.4,1473734234,0,UDP,54358,53,1,77
2016-09-13 04:37:15.204,8.8.4.4,192.168.56.12,1473734235,0,UDP,53,54358,1,93
2016-09-13 04:37:15.206,8.8.4.4,192.168.56.12,1473734235,0,UDP,53,63957,1,93
2016-09-13 04:37:15.208,192.168.56.12,8.8.4.4,1473734235,0,UDP,60389,53,1,77
2016-09-13 04:37:15.209,192.168.56.12,8.8.4.4,1473734235,0,UDP,52879,53,1,77
2016-09-13 04:37:15.217,8.8.4.4,192.168.56.12,1473734235,0,UDP,53,60389,1,93
2016-09-13 04:37:15.272,8.8.4.4,192.168.56.12,1473734235,0,UDP,53,52879,1,93
2016-09-13 04:37:15.306,192.168.56.12,8.8.4.4,1473734235,0,UDP,50019,53,1,77
2016-09-13 04:37:15.733,8.8.4.4,192.168.56.12,1473734235,0,UDP,53,50019,1,93
2016-09-13 04:37:16.856,192.168.56.12,8.8.4.4,1473734236,0,UDP,52717,53,1,77
2016-09-13 04:37:16.924,8.8.4.4,192.168.56.12,1473734236,0,UDP,53,52717,1,93
2016-09-13 04:37:16.930,192.168.56.12,52.18.63.80,1473734236,0,ICMP,0,8,1,32
2016-09-13 04:37:18.818,192.168.56.12,52.18.63.80,1473734238,0,ICMP,0,8,1,32
2016-09-13 04:36:23.554,192.168.56.12,224.0.0.252,1473734183,0,UDP,55841,5355,2,44
2016-09-13 04:36:23.549,192.168.56.12,224.0.0.252,1473734183,0,UDP,55635,5355,2,44
2016-09-13 04:36:24.580,52.18.63.80,192.168.56.12,1473734184,0,TCP,80,49163,4,798
2016-09-13 04:36:24.757,52.18.63.80,192.168.56.12,1473734184,0,TCP,80,49164,4,798
2016-09-13 04:37:44.450,192.168.56.12,8.8.4.4,1473734264,0,UDP,64076,53,1,77
2016-09-13 04:37:44.532,8.8.4.4,192.168.56.12,1473734264,0,UDP,53,64076,1,93
2016-09-13 04:37:44.533,192.168.56.12,8.8.4.4,1473734264,0,UDP,60121,53,1,77
2016-09-13 04:37:44.651,8.8.4.4,192.168.56.12,1473734264,0,UDP,53,60121,1,93
2016-09-13 04:36:43.114,40.118.103.7,192.168.56.12,1473734203,0,UDP,123,123,1,48
2016-09-13 04:36:41.456,192.168.56.12,40.118.103.7,1473734201,1,UDP,123,123,2,96
2016-09-13 04:36:46.757,192.168.56.12,195.234.4.67,1473734206,14,TCP,49170,21,19,584
2016-09-13 04:37:01.164,192.168.56.12,195.234.4.67,1473734221,0,TCP,49174,36464,5,1300
2016-09-13 04:36:24.560,192.168.56.12,52.18.63.80,1473734184,45,TCP,49163,80,6,436
2016-09-13 04:36:24.738,192.168.56.12,52.18.63.80,1473734184,45,TCP,49164,80,6,436
2016-09-13 04:36:45.332,192.168.56.12,52.18.63.80,1473734205,9,TCP,49168,445,3,92
2016-09-13 04:36:50.951,192.168.56.12,52.18.63.80,1473734210,9,TCP,49171,139,3,92
2016-09-13 04:37:15.225,192.168.56.12,52.18.63.80,1473734235,75,TCP,49177,80,9,660
2016-09-13 04:37:15.273,192.168.56.12,52.18.63.80,1473734235,75,TCP,49178,80,7,308
2016-09-13 04:37:15.753,192.168.56.12,52.18.63.80,1473734235,9,TCP,49179,445,3,92
2016-09-13 04:37:20.795,192.168.56.12,52.18.63.80,1473734240,9,TCP,49180,139,3,92
2016-09-13 04:37:44.652,192.168.56.12,52.18.63.80,1473734264,60,TCP,49181,80,7,464
2016-09-13 04:37:12.130,192.168.56.12,224.0.0.252,1473734232,0,UDP,57112,5355,2,44
2016-09-13 04:37:12.131,192.168.56.12,224.0.0.252,1473734232,0,UDP,62026,5355,2,44
2016-09-13 04:37:41.841,192.168.56.12,224.0.0.252,1473734261,0,UDP,63229,5355,2,44
2016-09-13 04:36:23.659,192.168.56.12,192.168.56.255,1473734183,80,UDP,137,137,15,750
2016-09-13 04:37:35.956,192.168.56.12,192.168.56.255,1473734255,118,UDP,138,138,2,402
2016-09-13 04:36:46.799,195.234.4.67,192.168.56.12,1473734206,14,TCP,21,49170,18,765
2016-09-13 04:37:01.206,195.234.4.67,192.168.56.12,1473734221,0,TCP,36464,49174,3,72
2016-09-13 04:37:15.245,52.18.63.80,192.168.56.12,1473734235,75,TCP,80,49177,8,1526
2016-09-13 04:37:15.292,52.18.63.80,192.168.56.12,1473734235,75,TCP,80,49178,6,888
2016-09-13 04:37:44.672,52.18.63.80,192.168.56.12,1473734264,0,TCP,80,49181,5,1140
2016-09-13 04:42:34.762,192.168.56.12,8.8.4.4,1473734554,0,UDP,59811,53,1,29
2016-09-13 04:42:34.770,8.8.4.4,192.168.56.12,1473734554,0,UDP,53,59811,1,104
2016-09-13 04:43:33.034,192.168.56.12,192.168.56.255,1473734613,0,UDP,138,138,1,201
2016-09-13 04:50:58.687,192.168.56.12,8.8.8.8,1473735058,0,UDP,52843,53,1,43
2016-09-13 04:50:58.708,8.8.8.8,192.168.56.12,1473735058,0,UDP,53,52843,1,145
2016-09-13 04:51:32.473,192.168.56.12,192.168.56.255,1473735092,0,UDP,138,138,1,201
2016-09-13 04:55:45.929,192.168.56.12,239.255.255.250,1473735345,6,UDP,57479,1900,6,744
2016-09-13 05:03:30.091,192.168.56.12,192.168.56.255,1473735810,0,UDP,138,138,1,201
2016-09-13 05:06:29.931,192.168.56.12,8.8.8.8,1473735989,0,UDP,59998,53,1,43
2016-09-13 05:06:29.958,8.8.8.8,192.168.56.12,1473735989,0,UDP,53,59998,1,145
2016-09-13 05:15:47.762,192.168.56.12,239.255.255.250,1473736547,6,UDP,57479,1900,6,744
2016-09-13 05:15:29.422,192.168.56.12,192.168.56.255,1473736529,0,UDP,138,138,1,201
2016-09-13 05:21:55.651,192.168.56.12,8.8.8.8,1473736915,0,UDP,57035,53,1,43
2016-09-13 05:21:55.762,8.8.8.8,192.168.56.12,1473736915,0,UDP,53,57035,1,145
2016-09-13 05:27:27.557,192.168.56.12,192.168.56.255,1473737247,0,UDP,138,138,1,201
2016-09-13 05:31:53.145,192.168.56.12,8.8.8.8,1473737513,0,UDP,58519,53,1,34
2016-09-13 05:31:53.153,8.8.8.8,192.168.56.12,1473737513,0,UDP,53,58519,1,89
2016-09-13 05:31:53.185,192.168.56.12,40.118.103.7,1473737513,0,ICMP,0,8,1,32
2016-09-13 05:31:57.907,192.168.56.12,40.118.103.7,1473737517,0,ICMP,0,8,1,32
2016-09-13 06:15:45.612,192.168.56.12,8.8.4.4,1473740145,0,UDP,57259,53,1,77
2016-09-13 06:15:45.613,192.168.56.12,8.8.4.4,1473740145,0,UDP,57236,53,1,77
2016-09-13 06:15:45.659,8.8.4.4,192.168.56.12,1473740145,0,UDP,53,57236,1,93
2016-09-13 06:15:45.662,192.168.56.12,8.8.4.4,1473740145,0,UDP,65178,53,1,77
2016-09-13 06:15:45.670,8.8.4.4,192.168.56.12,1473740145,0,UDP,53,57259,1,93
2016-09-13 06:15:45.671,192.168.56.12,8.8.4.4,1473740145,0,UDP,52164,53,1,77
2016-09-13 06:15:45.680,8.8.4.4,192.168.56.12,1473740145,0,UDP,53,52164,1,93
2016-09-13 06:15:45.720,8.8.4.4,192.168.56.12,1473740145,0,UDP,53,65178,1,93
2016-09-13 06:15:58.272,192.168.56.12,8.8.4.4,1473740158,0,UDP,58727,53,1,34
2016-09-13 06:15:58.280,8.8.4.4,192.168.56.12,1473740158,0,UDP,53,58727,1,89
2016-09-13 06:16:03.151,192.168.56.12,8.8.4.4,1473740163,0,UDP,57472,53,1,77
2016-09-13 06:16:03.187,8.8.4.4,192.168.56.12,1473740163,0,UDP,53,57472,1,93
2016-09-13 06:16:04.665,192.168.56.12,8.8.4.4,1473740164,0,UDP,50949,53,1,77
2016-09-13 06:16:04.712,8.8.4.4,192.168.56.12,1473740164,0,UDP,53,50949,1,93
2016-09-13 06:16:04.772,192.168.56.12,52.18.63.80,1473740164,0,ICMP,0,8,1,32
2016-09-13 06:16:06.571,192.168.56.12,52.18.63.80,1473740166,0,ICMP,0,8,1,32
2016-09-13 06:16:32.860,192.168.56.12,8.8.4.4,1473740192,0,UDP,57112,53,1,77
2016-09-13 06:16:32.895,8.8.4.4,192.168.56.12,1473740192,0,UDP,53,57112,1,93
2016-09-13 06:16:32.898,192.168.56.12,8.8.4.4,1473740192,0,UDP,54953,53,1,77
2016-09-13 06:16:32.933,8.8.4.4,192.168.56.12,1473740192,0,UDP,53,54953,1,93
2016-09-13 06:16:33.105,192.168.56.12,8.8.4.4,1473740193,0,UDP,62026,53,1,77
2016-09-13 06:16:33.139,8.8.4.4,192.168.56.12,1473740193,0,UDP,53,62026,1,93
2016-09-13 06:16:34.409,192.168.56.12,8.8.4.4,1473740194,0,UDP,60389,53,1,77
2016-09-13 06:16:34.449,8.8.4.4,192.168.56.12,1473740194,0,UDP,53,60389,1,93
2016-09-13 06:16:34.453,192.168.56.12,52.18.63.80,1473740194,0,ICMP,0,8,1,32
2016-09-13 06:16:36.048,192.168.56.12,52.18.63.80,1473740196,0,ICMP,0,8,1,32
2016-09-13 06:16:36.944,192.168.56.12,8.8.4.4,1473740196,0,UDP,52879,53,1,36
2016-09-13 06:16:36.952,8.8.4.4,192.168.56.12,1473740196,0,UDP,53,52879,1,116
2016-09-13 06:16:40.817,192.168.56.12,8.8.4.4,1473740200,0,UDP,50019,53,1,37
2016-09-13 06:16:40.826,8.8.4.4,192.168.56.12,1473740200,0,UDP,53,50019,1,53
2016-09-13 06:15:45.687,192.168.56.12,52.18.63.80,1473740145,0,TCP,49163,80,5,416
2016-09-13 06:15:44.713,192.168.56.12,224.0.0.252,1473740144,0,UDP,55841,5355,2,44
2016-09-13 06:15:44.711,192.168.56.12,224.0.0.252,1473740144,0,UDP,55635,5355,2,44
2016-09-13 06:15:45.707,52.18.63.80,192.168.56.12,1473740145,0,TCP,80,49163,4,798
2016-09-13 06:15:45.740,52.18.63.80,192.168.56.12,1473740145,0,TCP,80,49164,4,798
2016-09-13 06:17:02.013,192.168.56.12,8.8.4.4,1473740222,0,UDP,63229,53,1,77
2016-09-13 06:17:02.451,8.8.4.4,192.168.56.12,1473740222,0,UDP,53,63229,1,93
2016-09-13 06:17:02.487,192.168.56.12,8.8.4.4,1473740222,0,UDP,64076,53,1,77
2016-09-13 06:17:02.548,8.8.4.4,192.168.56.12,1473740222,0,UDP,53,64076,1,93
2016-09-13 06:15:58.338,40.118.103.7,192.168.56.12,1473740158,0,UDP,123,123,1,48
2016-09-13 06:15:58.331,192.168.56.12,40.118.103.7,1473740158,0,UDP,123,123,1,48
2016-09-13 06:16:40.827,192.168.56.12,108.179.196.24,1473740200,18,TCP,49178,21,12,416
2016-09-13 06:16:42.036,192.168.56.12,108.179.196.24,1473740202,0,TCP,49179,32015,5,675
2016-09-13 06:16:36.961,192.168.56.12,216.146.43.70,1473740196,3,TCP,49177,80,6,212
2016-09-13 06:17:00.807,192.168.56.12,52.18.63.80,1473740220,0,TCP,49163,80,2,40
2016-09-13 06:15:45.721,192.168.56.12,52.18.63.80,1473740145,47,TCP,49164,80,6,436
2016-09-13 06:16:03.208,192.168.56.12,52.18.63.80,1473740163,9,TCP,49168,445,3,92
2016-09-13 06:16:08.537,192.168.56.12,52.18.63.80,1473740168,9,TCP,49169,139,3,92
2016-09-13 06:16:32.941,192.168.56.12,52.18.63.80,1473740192,75,TCP,49174,80,8,484
2016-09-13 06:16:33.161,192.168.56.12,52.18.63.80,1473740193,9,TCP,49175,445,3,92
2016-09-13 06:16:38.110,192.168.56.12,52.18.63.80,1473740198,9,TCP,49176,139,3,92
2016-09-13 06:17:02.570,192.168.56.12,52.18.63.80,1473740222,60,TCP,49182,80,7,464
2016-09-13 06:16:59.385,192.168.56.12,224.0.0.252,1473740219,0,UDP,61697,5355,2,44
2016-09-13 06:16:34.409,192.168.56.12,224.0.0.252,1473740194,0,UDP,54358,5355,2,44
2016-09-13 06:16:30.226,192.168.56.12,224.0.0.252,1473740190,0,UDP,54170,5355,2,44
2016-09-13 06:15:44.874,192.168.56.12,192.168.56.255,1473740144,76,UDP,137,137,18,900
2016-09-13 06:16:57.670,192.168.56.12,192.168.56.255,1473740217,118,UDP,138,138,2,402
2016-09-13 06:16:42.144,108.179.196.24,192.168.56.12,1473740202,0,TCP,32015,49179,3,72
2016-09-13 06:16:40.936,108.179.196.24,192.168.56.12,1473740200,1,TCP,21,49178,14,1050
2016-09-13 06:16:39.999,216.146.43.70,192.168.56.12,1473740199,0,TCP,80,49177,5,364
2016-09-13 06:17:00.796,52.18.63.80,192.168.56.12,1473740220,0,TCP,80,49163,2,40
2016-09-13 06:16:32.961,52.18.63.80,192.168.56.12,1473740192,75,TCP,80,49174,7,1180
2016-09-13 06:17:02.589,52.18.63.80,192.168.56.12,1473740222,0,TCP,80,49182,5,1140
2016-09-13 06:22:06.044,192.168.56.12,8.8.4.4,1473740526,0,UDP,60121,53,1,29
2016-09-13 06:22:06.053,8.8.4.4,192.168.56.12,1473740526,0,UDP,53,60121,1,104
2016-09-13 06:22:54.730,192.168.56.12,192.168.56.255,1473740574,0,UDP,138,138,1,201
2016-09-13 06:30:20.187,192.168.56.12,8.8.8.8,1473741020,0,UDP,59811,53,1,43
2016-09-13 06:30:20.207,8.8.8.8,192.168.56.12,1473741020,0,UDP,53,59811,1,145
2016-09-13 06:30:54.161,192.168.56.12,192.168.56.255,1473741054,0,UDP,138,138,1,201
2016-09-13 06:35:07.890,192.168.56.12,239.255.255.250,1473741307,6,UDP,57479,1900,6,744
2016-09-13 06:42:51.784,192.168.56.12,192.168.56.255,1473741771,0,UDP,138,138,1,201
2016-09-13 06:45:51.433,192.168.56.12,8.8.8.8,1473741951,0,UDP,52843,53,1,43
2016-09-13 06:45:51.460,8.8.8.8,192.168.56.12,1473741951,0,UDP,53,52843,1,145
2016-09-13 06:55:09.715,192.168.56.12,239.255.255.250,1473742509,6,UDP,57479,1900,6,744
2016-09-13 06:54:51.109,192.168.56.12,192.168.56.255,1473742491,0,UDP,138,138,1,201
2016-09-13 07:01:17.105,192.168.56.12,8.8.8.8,1473742877,0,UDP,59998,53,1,43
2016-09-13 07:01:17.125,8.8.8.8,192.168.56.12,1473742877,0,UDP,53,59998,1,145
2016-09-13 07:06:49.247,192.168.56.12,192.168.56.255,1473743209,0,UDP,138,138,1,201
2016-09-13 07:11:10.644,192.168.56.12,8.8.8.8,1473743470,0,UDP,57035,53,1,34
2016-09-13 07:11:10.653,8.8.8.8,192.168.56.12,1473743470,0,UDP,53,57035,1,89
2016-09-13 07:11:10.665,192.168.56.12,40.118.103.7,1473743470,0,ICMP,0,8,1,32
2016-09-13 07:11:15.693,192.168.56.12,40.118.103.7,1473743475,0,ICMP,0,8,1,32
2016-09-13 11:09:26.603,192.168.56.12,8.8.4.4,1473757766,0,UDP,57259,53,1,77
2016-09-13 11:09:26.608,192.168.56.12,8.8.4.4,1473757766,0,UDP,57236,53,1,77
2016-09-13 11:09:26.655,8.8.4.4,192.168.56.12,1473757766,0,UDP,53,57259,1,93
2016-09-13 11:09:26.659,192.168.56.12,8.8.4.4,1473757766,0,UDP,65178,53,1,77
2016-09-13 11:09:26.668,8.8.4.4,192.168.56.12,1473757766,0,UDP,53,65178,1,93
2016-09-13 11:09:26.688,8.8.4.4,192.168.56.12,1473757766,0,UDP,53,57236,1,93
2016-09-13 11:09:26.690,192.168.56.12,8.8.4.4,1473757766,0,UDP,52164,53,1,77
2016-09-13 11:09:27.059,192.168.56.12,8.8.8.8,1473757767,0,UDP,52164,53,1,77
2016-09-13 11:09:27.118,8.8.8.8,192.168.56.12,1473757767,0,UDP,53,52164,1,93
2016-09-13 11:09:27.752,8.8.4.4,192.168.56.12,1473757767,0,UDP,53,52164,1,93
2016-09-13 11:09:27.796,192.168.56.12,8.8.4.4,1473757767,0,ICMP,0,3,1,121
2016-09-13 11:09:40.261,192.168.56.12,8.8.8.8,1473757780,0,UDP,58727,53,1,34
2016-09-13 11:09:40.270,8.8.8.8,192.168.56.12,1473757780,0,UDP,53,58727,1,89
2016-09-13 11:09:43.722,192.168.56.12,8.8.8.8,1473757783,0,UDP,57472,53,1,77
2016-09-13 11:09:43.786,8.8.8.8,192.168.56.12,1473757783,0,UDP,53,57472,1,93
2016-09-13 11:09:45.482,192.168.56.12,8.8.8.8,1473757785,0,UDP,50949,53,1,77
2016-09-13 11:09:45.547,8.8.8.8,192.168.56.12,1473757785,0,UDP,53,50949,1,93
2016-09-13 11:09:45.562,192.168.56.12,52.18.63.80,1473757785,0,ICMP,0,8,1,32
2016-09-13 11:09:47.459,192.168.56.12,52.18.63.80,1473757787,0,ICMP,0,8,1,32
2016-09-13 11:10:08.052,192.168.56.12,8.8.8.8,1473757808,0,UDP,57112,53,1,41
2016-09-13 11:10:08.095,8.8.8.8,192.168.56.12,1473757808,0,UDP,53,57112,1,57
2016-09-13 11:10:13.251,192.168.56.12,8.8.8.8,1473757813,0,UDP,60389,53,1,77
2016-09-13 11:10:13.284,192.168.56.12,8.8.8.8,1473757813,0,UDP,52879,53,1,77
2016-09-13 11:10:13.683,8.8.8.8,192.168.56.12,1473757813,0,UDP,53,60389,1,93
2016-09-13 11:10:13.684,8.8.8.8,192.168.56.12,1473757813,0,UDP,53,52879,1,93
2016-09-13 11:10:13.685,192.168.56.12,8.8.8.8,1473757813,0,UDP,50019,53,1,77
2016-09-13 11:10:13.685,192.168.56.12,8.8.8.8,1473757813,0,UDP,52717,53,1,77
2016-09-13 11:10:13.719,8.8.8.8,192.168.56.12,1473757813,0,UDP,53,50019,1,93
2016-09-13 11:10:13.721,8.8.8.8,192.168.56.12,1473757813,0,UDP,53,52717,1,93
2016-09-13 11:10:13.797,192.168.56.12,8.8.8.8,1473757813,0,UDP,61697,53,1,77
2016-09-13 11:10:14.310,8.8.8.8,192.168.56.12,1473757814,0,UDP,53,61697,1,93
2016-09-13 11:10:15.428,192.168.56.12,8.8.8.8,1473757815,0,UDP,63229,53,1,77
2016-09-13 11:10:15.463,8.8.8.8,192.168.56.12,1473757815,0,UDP,53,63229,1,93
2016-09-13 11:10:15.468,192.168.56.12,52.18.63.80,1473757815,0,ICMP,0,8,1,32
2016-09-13 11:10:17.447,192.168.56.12,52.18.63.80,1473757817,0,ICMP,0,8,1,32
2016-09-13 11:09:26.676,192.168.56.12,52.18.63.80,1473757766,0,TCP,49163,80,5,416
2016-09-13 11:09:25.728,192.168.56.12,224.0.0.252,1473757765,0,UDP,55841,5355,2,44
2016-09-13 11:09:25.726,192.168.56.12,224.0.0.252,1473757765,0,UDP,55635,5355,2,44
2016-09-13 11:09:26.696,52.18.63.80,192.168.56.12,1473757766,0,TCP,80,49163,4,798
2016-09-13 11:09:27.143,52.18.63.80,192.168.56.12,1473757767,0,TCP,80,49164,4,798
2016-09-13 11:10:43.141,192.168.56.12,8.8.8.8,1473757843,0,UDP,59811,53,1,77
2016-09-13 11:10:43.176,8.8.8.8,192.168.56.12,1473757843,0,UDP,53,59811,1,93
2016-09-13 11:10:43.177,192.168.56.12,8.8.8.8,1473757843,0,UDP,52843,53,1,77
2016-09-13 11:10:43.212,8.8.8.8,192.168.56.12,1473757843,0,UDP,53,52843,1,93
2016-09-13 11:09:40.387,192.168.56.12,13.80.12.54,1473757780,1,UDP,123,123,2,96
2016-09-13 11:10:41.774,192.168.56.12,52.18.63.80,1473757841,0,TCP,49163,80,2,40
2016-09-13 11:09:27.123,192.168.56.12,52.18.63.80,1473757767,46,TCP,49164,80,6,436
2016-09-13 11:09:44.140,192.168.56.12,52.18.63.80,1473757784,9,TCP,49168,445,3,92
2016-09-13 11:09:49.447,192.168.56.12,52.18.63.80,1473757789,9,TCP,49169,139,3,92
2016-09-13 11:10:13.721,192.168.56.12,52.18.63.80,1473757813,75,TCP,49172,80,7,464
2016-09-13 11:10:13.722,192.168.56.12,52.18.63.80,1473757813,75,TCP,49173,80,7,464
2016-09-13 11:10:14.329,192.168.56.12,52.18.63.80,1473757814,9,TCP,49174,445,3,92
2016-09-13 11:10:19.445,192.168.56.12,52.18.63.80,1473757819,9,TCP,49175,139,3,92
2016-09-13 11:10:43.213,192.168.56.12,52.18.63.80,1473757843,60,TCP,49176,80,7,464
2016-09-13 11:10:08.163,192.168.56.12,31.170.163.130,1473757808,1,TCP,49170,21,12,344
2016-09-13 11:10:09.354,192.168.56.12,31.170.163.130,1473757809,0,TCP,49171,13118,5,245
2016-09-13 11:10:10.642,192.168.56.12,224.0.0.252,1473757810,0,UDP,62026,5355,2,44
2016-09-13 11:10:10.643,192.168.56.12,224.0.0.252,1473757810,0,UDP,54358,5355,2,44
2016-09-13 11:10:04.305,192.168.56.12,224.0.0.252,1473757804,0,UDP,54170,5355,2,44
2016-09-13 11:10:40.538,192.168.56.12,224.0.0.252,1473757840,0,UDP,60121,5355,2,44
2016-09-13 11:09:25.831,192.168.56.12,192.168.56.255,1473757765,76,UDP,137,137,18,900
2016-09-13 11:10:38.100,192.168.56.12,192.168.56.255,1473757838,118,UDP,138,138,2,402
2016-09-13 11:09:40.394,13.80.12.54,192.168.56.12,1473757780,1,UDP,123,123,2,96
2016-09-13 11:10:41.774,52.18.63.80,192.168.56.12,1473757841,0,TCP,80,49163,2,40
2016-09-13 11:10:13.741,52.18.63.80,192.168.56.12,1473757813,75,TCP,80,49172,7,1180
2016-09-13 11:10:13.742,52.18.63.80,192.168.56.12,1473757813,75,TCP,80,49173,7,1180
2016-09-13 11:10:43.233,52.18.63.80,192.168.56.12,1473757843,0,TCP,80,49176,5,1140
2016-09-13 11:10:08.281,31.170.163.130,192.168.56.12,1473757808,1,TCP,21,49170,12,1089
2016-09-13 11:10:09.471,31.170.163.130,192.168.56.12,1473757809,0,TCP,13118,49171,3,72
2016-09-13 11:15:36.836,192.168.56.12,8.8.8.8,1473758136,0,UDP,59998,53,1,29
2016-09-13 11:15:36.845,8.8.8.8,192.168.56.12,1473758136,0,UDP,53,59998,1,104
2016-09-13 11:16:35.175,192.168.56.12,192.168.56.255,1473758195,0,UDP,138,138,1,201
2016-09-13 11:24:00.848,192.168.56.12,8.8.8.8,1473758640,0,UDP,57035,53,1,43
2016-09-13 11:24:00.973,8.8.8.8,192.168.56.12,1473758640,0,UDP,53,57035,1,145
2016-09-13 11:24:34.602,192.168.56.12,192.168.56.255,1473758674,0,UDP,138,138,1,201
2016-09-13 11:28:48.261,192.168.56.12,239.255.255.250,1473758928,6,UDP,57479,1900,6,744
2016-09-13 11:39:32.202,192.168.56.12,8.8.8.8,1473759572,0,UDP,58519,53,1,43
2016-09-13 11:39:32.223,8.8.8.8,192.168.56.12,1473759572,0,UDP,53,58519,1,145
2016-09-13 11:36:32.219,192.168.56.12,192.168.56.255,1473759392,0,UDP,138,138,1,201
2016-09-13 11:48:50.094,192.168.56.12,239.255.255.250,1473760130,6,UDP,57479,1900,6,744
2016-09-13 11:48:31.536,192.168.56.12,192.168.56.255,1473760111,0,UDP,138,138,1,201
2016-09-13 11:54:57.888,192.168.56.12,8.8.8.8,1473760497,0,UDP,55422,53,1,43
2016-09-13 11:54:57.914,8.8.8.8,192.168.56.12,1473760497,0,UDP,53,55422,1,145
2016-09-13 12:04:50.345,192.168.56.12,8.8.8.8,1473761090,0,UDP,59347,53,1,34
2016-09-13 12:04:50.353,8.8.8.8,192.168.56.12,1473761090,0,UDP,53,59347,1,89
2016-09-13 12:04:50.361,192.168.56.12,13.80.12.54,1473761090,0,ICMP,0,8,1,32
2016-09-13 12:04:54.995,192.168.56.12,13.80.12.54,1473761094,0,ICMP,0,8,1,32
2016-09-13 12:00:29.672,192.168.56.12,192.168.56.255,1473760829,0,UDP,138,138,1,201
